spend_date,channel,campaign_name,daily_investment,impressions,clicks,landing_page_views
2024-01-01,FB Ads,black_friday,19044.15,1010252,10609,19504
2024-01-01,Facebook Ads,summer_sale,7415.84,427055,5713,7219
2024-01-01,Facebook Ads,launch_2024,7739.83,163808,4995,3427
2024-01-01,Google Ads,retargeting,3048.7,112595,2809,2173
2024-01-02,Meta Ads,black_friday,21102.64,612541,20198,6519
2024-01-02,G Ads,summer_sale,14257.29,363232,8291,4426
2024-01-02,Meta Ads,launch_2024,9917.19,276169,6623,3891
2024-01-02,Email Marketing,retargeting,483.53,49812,1205,525
2024-01-03,Meta Ads,black_friday,14072.81,475700,20803,13283
2024-01-03,E-mail,summer_sale,8077.93,266038,7972,3254
2024-01-03,facebook,launch_2024,10535.55,408168,7352,6125
2024-01-03,fb,retargeting,2292.03,64643,1112,2088
2024-01-04,Google-Ads,black_friday,28324.26,915954,23065,9106
2024-01-04,GoogleAds,summer_sale,11691.04,416809,14349,12136
2024-01-04,Google-Ads,launch_2024,12319.48,316226,3416,2496
2024-01-04,Facebook Ads,retargeting,1549.19,109736,1859,1027
2024-01-05,G Ads,black_friday,17652.73,666482,22374,16944
2024-01-05,FB Ads,summer_sale,9868.07,333271,8131,11024
2024-01-05,EMAIL,launch_2024,7674.95,213123,5098,3986
2024-01-05,FB Ads,retargeting,1990.55,127268,1331,1268
2024-01-06,google ads,black_friday,17388.1,1066151,14987,9277
2024-01-06,Facebook,summer_sale,12101.31,352375,7285,5614
2024-01-06,Facebook,launch_2024,8225.44,239809,3773,2037
2024-01-06,facebook,retargeting,1578.54,120873,2224,1745
2024-01-07,Email Marketing,black_friday,11440.21,321353,5948,5765
2024-01-07,FB Ads,summer_sale,11672.51,449426,4926,5223
2024-01-07,facebook,launch_2024,9109.98,310557,4736,2622
2024-01-07,FB Ads,retargeting,906.31,43200,1726,1961
2024-01-08,Facebook,black_friday,14696.93,496066,13730,10563
2024-01-08,facebook,summer_sale,11478.76,302872,4956,4500
2024-01-08,EMAIL,launch_2024,5274.41,202340,2125,1794
2024-01-08,G Ads,retargeting,964.52,134977,1644,1388
2024-01-09,facebook,black_friday,15674.31,614804,12636,11095
2024-01-09,FB Ads,summer_sale,12268.53,443778,5505,8743
2024-01-09,newsletter,launch_2024,5597.62,210461,2826,1953
2024-01-09,google ads,retargeting,3121.08,82013,2815,2792
2024-01-10,Google-Ads,black_friday,25970.97,864661,10981,19220
2024-01-10,FB Ads,summer_sale,10344.54,505935,12908,8433
2024-01-10,G Ads,launch_2024,11403.8,169708,6514,3433
2024-01-10,Facebook,retargeting,960.75,80488,1499,2417
2024-01-11,E-mail,black_friday,8200.05,374299,4996,7358
2024-01-11,fb,summer_sale,12101.23,305061,9113,9500
2024-01-11,google_ads,launch_2024,8724.01,390721,6683,3843
2024-01-11,google ads,retargeting,2407.44,152064,1556,830
2024-01-12,Facebook,black_friday,18368.49,465001,13029,9048
2024-01-12,Meta Ads,summer_sale,7506.46,243917,9926,4891
2024-01-12,facebook,launch_2024,12317.78,387168,4637,2926
2024-01-12,facebook,retargeting,2358.82,122364,1198,2883
2024-01-13,Google-Ads,black_friday,20956.13,783904,30638,25475
2024-01-13,FB Ads,summer_sale,9047.66,294349,6658,7792
2024-01-13,EMAIL,launch_2024,5754.0,275364,5305,2869
2024-01-13,Facebook Ads,retargeting,2436.19,53631,2124,1147
2024-01-14,Facebook,black_friday,22737.35,1078004,24595,10369
2024-01-14,google_ads,summer_sale,9783.21,363594,6863,8458
2024-01-14,email,launch_2024,5287.58,224323,3508,1188
2024-01-14,FB Ads,retargeting,890.82,123782,1526,1718
2024-01-15,google ads,black_friday,22445.72,953380,26220,18523
2024-01-15,Google-Ads,summer_sale,13168.32,447161,13573,11258
2024-01-15,facebook,launch_2024,9197.67,268963,5666,2402
2024-01-15,email,retargeting,832.84,77416,2138,817
2024-01-16,GoogleAds,black_friday,28459.36,833071,14456,24036
2024-01-16,GoogleAds,summer_sale,13780.61,517935,9887,4457
2024-01-16,facebook,launch_2024,10216.69,241691,5354,2112
2024-01-16,E-mail,retargeting,612.58,51961,768,1198
2024-01-17,Google Ads,black_friday,25919.52,667537,22948,20830
2024-01-17,google_ads,summer_sale,14279.04,465132,10827,10007
2024-01-17,Email Marketing,launch_2024,7066.41,109132,2711,2929
2024-01-17,FB Ads,retargeting,2290.81,138062,1492,2500
2024-01-18,G Ads,black_friday,19087.6,1005283,13909,20302
2024-01-18,google_ads,summer_sale,10543.59,304551,10557,10616
2024-01-18,FB Ads,launch_2024,10460.57,308953,7961,6068
2024-01-18,E-mail,retargeting,822.81,48051,1239,522
2024-01-19,Google-Ads,black_friday,20840.94,673368,24606,17235
2024-01-19,Google-Ads,summer_sale,13568.17,409995,11082,8605
2024-01-19,E-mail,launch_2024,5181.76,231577,5271,1864
2024-01-19,Meta Ads,retargeting,1428.05,109965,2647,844
2024-01-20,fb,black_friday,14901.5,474808,16532,17160
2024-01-20,Facebook Ads,summer_sale,14439.36,452017,9132,9822
2024-01-20,GoogleAds,launch_2024,11064.82,444579,4475,2317
2024-01-20,fb,retargeting,1247.82,63590,1022,1863
2024-01-21,EMAIL,black_friday,9858.95,366942,14302,4711
2024-01-21,Facebook,summer_sale,7902.48,261714,5678,3354
2024-01-21,E-mail,launch_2024,5828.56,245029,2532,2612
2024-01-21,google_ads,retargeting,1617.99,75250,2758,2719
2024-01-22,G Ads,black_friday,25484.93,1125924,24072,21686
2024-01-22,Google-Ads,summer_sale,14425.35,512787,7564,11856
2024-01-22,google_ads,launch_2024,14242.28,415510,3867,5049
2024-01-22,G Ads,retargeting,2138.27,98699,3602,1930
2024-01-23,facebook,black_friday,25470.8,729523,28494,16793
2024-01-23,GoogleAds,summer_sale,13585.3,306311,8212,10604
2024-01-23,email,launch_2024,5394.33,153784,4599,2455
2024-01-23,Meta Ads,retargeting,2113.9,74384,1034,998
2024-01-24,Google-Ads,black_friday,31318.89,822520,12927,18654
2024-01-24,google ads,summer_sale,9765.07,407603,7247,5365
2024-01-24,newsletter,launch_2024,5918.47,151027,3441,1561
2024-01-24,fb,retargeting,1247.24,126621,2046,2416
2024-01-25,google ads,black_friday,17301.9,1000731,11953,19432
2024-01-25,newsletter,summer_sale,7083.44,274472,6371,5415
2024-01-25,E-mail,launch_2024,5047.43,78137,3289,2246
2024-01-25,FB Ads,retargeting,1298.88,132357,2529,949
2024-01-26,Facebook Ads,black_friday,12748.48,793128,19216,7411
2024-01-26,Facebook Ads,summer_sale,10078.89,399825,11397,6749
2024-01-26,Google Ads,launch_2024,13269.08,436084,9779,2618
2024-01-26,Meta Ads,retargeting,1037.07,89805,2911,1802
2024-01-27,google_ads,black_friday,30835.44,819637,27041,20936
2024-01-27,newsletter,summer_sale,6303.99,338966,3622,5924
2024-01-27,E-mail,launch_2024,4259.64,168903,1835,1238
2024-01-27,newsletter,retargeting,932.62,60570,802,419
2024-01-28,Facebook,black_friday,18168.7,614263,14831,12821
2024-01-28,FB Ads,summer_sale,11310.76,207482,6254,5123
2024-01-28,newsletter,launch_2024,3886.77,86025,2489,2551
2024-01-28,Meta Ads,retargeting,2789.6,134777,3207,2182
2024-01-29,Meta Ads,black_friday,14930.52,847859,12205,13849
2024-01-29,GoogleAds,summer_sale,18278.72,562083,7321,9273
2024-01-29,Facebook Ads,launch_2024,8813.17,146139,2667,3167
2024-01-29,Meta Ads,retargeting,1351.32,105989,3111,1486
2024-01-30,google_ads,black_friday,25973.16,768085,14073,18805
2024-01-30,Facebook Ads,summer_sale,9651.92,431184,9901,4411
2024-01-30,GoogleAds,launch_2024,10364.03,254393,5145,6553
2024-01-30,Meta Ads,retargeting,1052.17,87149,2379,2182
2024-01-31,G Ads,black_friday,19956.31,1262521,21359,15640
2024-01-31,Email Marketing,summer_sale,8389.86,192446,7045,3068
2024-01-31,google ads,launch_2024,8302.21,248073,7542,3223
2024-01-31,FB Ads,retargeting,1712.82,113854,1851,1361
2024-02-01,Meta Ads,black_friday,22127.64,805841,11975,13779
2024-02-01,EMAIL,summer_sale,4521.57,210208,3509,3905
2024-02-01,Meta Ads,launch_2024,6059.15,258616,4895,2667
2024-02-01,G Ads,retargeting,1807.08,68153,2990,1517
2024-02-02,Email Marketing,black_friday,14421.32,579611,16617,8013
2024-02-02,google ads,summer_sale,12863.05,456931,6758,5851
2024-02-02,email,launch_2024,5286.98,206950,3728,2198
2024-02-02,fb,retargeting,1939.78,114749,1670,2321
2024-02-03,FB Ads,black_friday,22537.89,673064,11878,14256
2024-02-03,GoogleAds,summer_sale,12508.23,363919,8239,10900
2024-02-03,Google Ads,launch_2024,9901.64,341618,8155,3706
2024-02-03,fb,retargeting,1827.84,61920,2319,1403
2024-02-04,google_ads,black_friday,29583.2,941764,26714,18810
2024-02-04,google_ads,summer_sale,16335.67,348169,7173,12029
2024-02-04,Email Marketing,launch_2024,7404.23,205773,2996,2236
2024-02-04,newsletter,retargeting,994.86,44501,627,561
2024-02-05,Google Ads,black_friday,31018.72,747516,19673,10241
2024-02-05,fb,summer_sale,10817.36,334323,6047,7631
2024-02-05,email,launch_2024,7956.78,121283,2456,2259
2024-02-05,Facebook Ads,retargeting,2723.68,71684,2021,1049
2024-02-06,Facebook,black_friday,13804.68,894942,16800,10720
2024-02-06,Facebook Ads,summer_sale,13191.63,256099,9160,3863
2024-02-06,E-mail,launch_2024,7599.98,290303,3219,2298
2024-02-06,Meta Ads,retargeting,1141.38,126652,2502,1507
2024-02-07,email,black_friday,11155.2,448341,14997,10381
2024-02-07,Facebook Ads,summer_sale,9304.23,193415,9876,6600
2024-02-07,fb,launch_2024,12284.87,271833,7813,4002
2024-02-07,email,retargeting,659.19,43310,542,1016
2024-02-08,google_ads,black_friday,24670.08,943813,18128,15881
2024-02-08,fb,summer_sale,12312.29,396853,10077,8040
2024-02-08,E-mail,launch_2024,6119.03,190800,4866,3099
2024-02-08,Email Marketing,retargeting,1325.68,45614,633,678
2024-02-09,Google-Ads,black_friday,26481.23,743202,23456,17633
2024-02-09,Facebook Ads,summer_sale,12325.54,397243,7625,6024
2024-02-09,Google Ads,launch_2024,13548.74,213367,4848,5716
2024-02-09,Meta Ads,retargeting,1622.76,62167,1344,2225
2024-02-10,google_ads,black_friday,26931.06,687919,15015,23461
2024-02-10,google_ads,summer_sale,12489.37,477179,10356,13357
2024-02-10,E-mail,launch_2024,5705.6,110496,2724,2107
2024-02-10,EMAIL,retargeting,1205.81,70433,772,681
2024-02-11,newsletter,black_friday,11707.68,318887,7990,8767
2024-02-11,email,summer_sale,7264.06,325919,5298,6176
2024-02-11,Google Ads,launch_2024,13904.69,312866,5539,6609
2024-02-11,FB Ads,retargeting,2037.9,94829,3109,1575
2024-02-12,GoogleAds,black_friday,25337.28,891381,26604,16752
2024-02-12,fb,summer_sale,9199.69,326278,11642,7343
2024-02-12,Facebook,launch_2024,8909.12,177680,3237,4858
2024-02-12,Facebook Ads,retargeting,1586.36,95772,1567,1884
2024-02-13,google ads,black_friday,21435.57,1198769,15857,21665
2024-02-13,G Ads,summer_sale,10228.73,317378,7754,9841
2024-02-13,FB Ads,launch_2024,10094.31,335984,3534,2167
2024-02-13,Meta Ads,retargeting,1098.59,115002,1800,920
2024-02-14,fb,black_friday,28454.18,893453,25644,10923
2024-02-14,Facebook,summer_sale,9039.13,456848,9196,9375
2024-02-14,google_ads,launch_2024,10721.67,311837,5090,3730
2024-02-14,FB Ads,retargeting,691.58,54292,2116,1357
2024-02-15,google ads,black_friday,16357.54,966129,12138,19500
2024-02-15,Facebook Ads,summer_sale,9679.17,258132,11033,9263
2024-02-15,Google-Ads,launch_2024,9489.39,454504,7608,5299
2024-02-15,Meta Ads,retargeting,1153.13,130618,1887,1228
2024-02-16,google ads,black_friday,22627.3,1356272,14123,13226
2024-02-16,Facebook Ads,summer_sale,9329.41,409119,11208,5873
2024-02-16,G Ads,launch_2024,10475.3,246133,7243,2846
2024-02-16,FB Ads,retargeting,1834.68,127920,1859,1112
2024-02-17,facebook,black_friday,20024.04,620427,18680,12951
2024-02-17,FB Ads,summer_sale,9627.99,361941,7305,7018
2024-02-17,GoogleAds,launch_2024,13259.08,353888,10140,4843
2024-02-17,Facebook Ads,retargeting,2520.02,138880,2564,1089
2024-02-18,Google-Ads,black_friday,23813.3,875877,27612,17002
2024-02-18,Facebook,summer_sale,9235.65,396334,9594,5274
2024-02-18,google ads,launch_2024,9709.5,483203,8412,5794
2024-02-18,email,retargeting,1371.85,81582,1925,468
2024-02-19,Facebook,black_friday,20611.16,489895,16331,16730
2024-02-19,facebook,summer_sale,16395.16,377947,13210,5366
2024-02-19,facebook,launch_2024,9402.45,340877,4837,2783
2024-02-19,fb,retargeting,2200.19,68669,1909,1023
2024-02-20,E-mail,black_friday,8736.87,359881,12767,4845
2024-02-20,fb,summer_sale,9621.11,260059,6307,9395
2024-02-20,E-mail,launch_2024,4067.25,175225,2489,1231
2024-02-20,Facebook Ads,retargeting,1120.73,79687,1062,1156
2024-02-21,Email Marketing,black_friday,12545.05,513761,9283,5010
2024-02-21,email,summer_sale,9335.57,292573,7737,2882
2024-02-21,Facebook Ads,launch_2024,6719.63,342076,5942,3329
2024-02-21,Facebook,retargeting,1093.33,135255,1921,2144
2024-02-22,google_ads,black_friday,23754.03,991750,20490,10150
2024-02-22,email,summer_sale,5885.44,297057,3949,3570
2024-02-22,fb,launch_2024,6828.25,147374,3474,3808
2024-02-22,Google Ads,retargeting,2557.48,111342,1918,1164
2024-02-23,Google-Ads,black_friday,23252.35,667516,20899,22671
2024-02-23,Meta Ads,summer_sale,10707.2,410575,6842,5191
2024-02-23,EMAIL,launch_2024,5996.48,199236,4277,1675
2024-02-23,FB Ads,retargeting,2707.11,151311,1913,2651
2024-02-24,Google-Ads,black_friday,22831.79,659614,13333,19482
2024-02-24,G Ads,summer_sale,11296.05,250971,11453,9024
2024-02-24,google ads,launch_2024,13656.64,195925,4646,5286
2024-02-24,Facebook,retargeting,1980.73,111096,1858,801
2024-02-25,fb,black_friday,16355.99,582527,16473,12504
2024-02-25,FB Ads,summer_sale,13796.41,260088,10774,8502
2024-02-25,E-mail,launch_2024,7978.9,127430,3685,2451
2024-02-25,facebook,retargeting,1455.95,121415,1802,1706
2024-02-26,Google-Ads,black_friday,18740.85,661921,13759,10091
2024-02-26,Facebook,summer_sale,9950.52,357468,8728,9150
2024-02-26,FB Ads,launch_2024,9845.34,179278,4759,2971
2024-02-26,Meta Ads,retargeting,2170.42,129719,1795,1554
2024-02-27,Google-Ads,black_friday,18601.24,852935,22502,9366
2024-02-27,Google Ads,summer_sale,11804.83,347161,13550,8901
2024-02-27,FB Ads,launch_2024,10978.74,294097,4381,2903
2024-02-27,email,retargeting,1055.47,81438,990,1130
2024-02-28,facebook,black_friday,17991.43,595109,10086,15828
2024-02-28,Meta Ads,summer_sale,15654.33,248828,10322,6290
2024-02-28,email,launch_2024,7077.44,159846,4677,1527
2024-02-28,Meta Ads,retargeting,1996.41,133625,2203,1515
2024-02-29,google ads,black_friday,21378.61,719095,15134,22631
2024-02-29,fb,summer_sale,14833.97,251335,12155,7215
2024-02-29,Meta Ads,launch_2024,9712.2,304909,4742,2865
2024-02-29,Meta Ads,retargeting,2716.08,158441,2330,2239
2024-03-01,Google Ads,black_friday,28125.28,889919,14137,8162
2024-03-01,EMAIL,summer_sale,8081.62,371845,8612,2614
2024-03-01,E-mail,launch_2024,5727.34,74856,1982,2335
2024-03-01,facebook,retargeting,2379.41,104605,1942,2166
2024-03-02,facebook,black_friday,23062.7,652302,20902,11212
2024-03-02,Email Marketing,summer_sale,8056.12,166105,7304,6346
2024-03-02,EMAIL,launch_2024,5783.74,103262,1707,2253
2024-03-02,Meta Ads,retargeting,1771.56,81934,2267,2270
2024-03-03,Google-Ads,black_friday,19172.08,595226,26448,8996
2024-03-03,Google-Ads,summer_sale,15344.75,301108,12687,6240
2024-03-03,G Ads,launch_2024,9642.91,377924,4259,5830
2024-03-03,Facebook,retargeting,1282.93,93612,2140,1099
2024-03-04,google_ads,black_friday,20826.6,878771,18287,8112
2024-03-04,email,summer_sale,5163.01,203765,5619,4243
2024-03-04,email,launch_2024,5350.8,75266,1388,2215
2024-03-04,Facebook,retargeting,1994.14,96744,3001,1468
2024-03-05,fb,black_friday,25612.57,977660,16197,17155
2024-03-05,Facebook Ads,summer_sale,9016.86,380300,9857,8124
2024-03-05,Email Marketing,launch_2024,6409.79,117799,5559,1584
2024-03-05,FB Ads,retargeting,1657.08,100026,1129,1935
2024-03-06,G Ads,black_friday,25743.43,1075918,30535,20227
2024-03-06,Google-Ads,summer_sale,11386.5,260061,8486,11446
2024-03-06,Facebook,launch_2024,6559.7,296228,5257,2799
2024-03-06,Facebook Ads,retargeting,770.73,90192,1847,2024
2024-03-07,email,black_friday,13583.54,567420,8911,8358
2024-03-07,GoogleAds,summer_sale,10351.56,447186,5854,6779
2024-03-07,newsletter,launch_2024,4374.46,165850,2380,1589
2024-03-07,Meta Ads,retargeting,1527.6,140330,2335,789
2024-03-08,G Ads,black_friday,27391.96,936496,23213,8726
2024-03-08,GoogleAds,summer_sale,18912.46,650516,12405,10439
2024-03-08,google_ads,launch_2024,12792.9,197131,6402,3471
2024-03-08,fb,retargeting,1226.06,94321,2797,1459
2024-03-09,google ads,black_friday,29862.73,843832,15617,19348
2024-03-09,fb,summer_sale,13558.41,270682,8392,4687
2024-03-09,EMAIL,launch_2024,5659.09,200764,5068,4243
2024-03-09,Meta Ads,retargeting,1059.26,105726,2534,1347
2024-03-10,facebook,black_friday,21574.24,530514,19555,16474
2024-03-10,Email Marketing,summer_sale,6007.44,252230,4160,3344
2024-03-10,facebook,launch_2024,10779.39,223625,4181,5878
2024-03-10,EMAIL,retargeting,1013.96,51620,741,801
2024-03-11,Google Ads,black_friday,26952.88,1202508,28535,14677
2024-03-11,FB Ads,summer_sale,13681.88,307773,5641,7584
2024-03-11,EMAIL,launch_2024,4705.69,133968,2616,1758
2024-03-11,Meta Ads,retargeting,1568.36,50850,1093,675
2024-03-12,Google Ads,black_friday,18729.76,750106,18310,20615
2024-03-12,newsletter,summer_sale,8443.16,302501,4874,6476
2024-03-12,email,launch_2024,6636.82,106211,2862,1212
2024-03-12,G Ads,retargeting,1421.56,110797,2157,1586
2024-03-13,google ads,black_friday,28178.99,826648,22335,14551
2024-03-13,Meta Ads,summer_sale,12739.72,351350,4900,9011
2024-03-13,Email Marketing,launch_2024,5279.43,118676,2698,1786
2024-03-13,FB Ads,retargeting,1881.98,114983,3315,2129
2024-03-14,EMAIL,black_friday,14072.19,408182,13764,5632
2024-03-14,google ads,summer_sale,10647.77,267154,10532,7885
2024-03-14,google ads,launch_2024,11842.7,224644,6079,5264
2024-03-14,facebook,retargeting,1074.05,61635,1108,1762
2024-03-15,G Ads,black_friday,23534.54,1257073,22969,20533
2024-03-15,Facebook,summer_sale,13800.01,443068,10541,8654
2024-03-15,GoogleAds,launch_2024,10256.72,469736,4981,5851
2024-03-15,fb,retargeting,2060.32,113604,1937,1121
2024-03-16,G Ads,black_friday,31476.33,902001,14926,13620
2024-03-16,Google Ads,summer_sale,15517.66,435941,6299,8635
2024-03-16,facebook,launch_2024,7832.93,375304,6133,4716
2024-03-16,Facebook Ads,retargeting,1656.01,88076,1229,834
2024-03-17,google ads,black_friday,17748.67,542605,22600,7852
2024-03-17,google_ads,summer_sale,10902.96,438107,5364,6131
2024-03-17,Facebook,launch_2024,6832.41,292645,4262,4797
2024-03-17,Facebook Ads,retargeting,1615.62,54776,1003,1968
2024-03-18,Google-Ads,black_friday,28536.14,754260,20380,12799
2024-03-18,Meta Ads,summer_sale,9793.24,428845,7028,5841
2024-03-18,newsletter,launch_2024,4893.34,191055,2841,1360
2024-03-18,Facebook Ads,retargeting,1682.71,106365,1940,1751
2024-03-19,Meta Ads,black_friday,19084.22,895656,20997,17912
2024-03-19,fb,summer_sale,9977.7,245377,11805,7281
2024-03-19,Google Ads,launch_2024,13101.19,367165,5436,7739
2024-03-19,facebook,retargeting,806.12,76329,2225,2153
2024-03-20,E-mail,black_friday,11718.38,350726,6913,5433
2024-03-20,Facebook,summer_sale,9685.03,265858,8872,6499
2024-03-20,fb,launch_2024,8570.18,240901,7426,5211
2024-03-20,email,retargeting,1042.88,47277,868,1133
2024-03-21,google ads,black_friday,20626.77,610412,20785,11170
2024-03-21,Google-Ads,summer_sale,12704.13,441961,14210,10830
2024-03-21,GoogleAds,launch_2024,14644.24,403094,6977,4453
2024-03-21,google_ads,retargeting,2803.78,96625,2652,2220
2024-03-22,G Ads,black_friday,23465.29,987418,19990,13748
2024-03-22,google_ads,summer_sale,8700.53,425995,6410,6358
2024-03-22,Google Ads,launch_2024,10195.85,372075,6909,2239
2024-03-22,G Ads,retargeting,1878.94,119975,2937,1450
2024-03-23,Email Marketing,black_friday,11066.1,685333,16867,5629
2024-03-23,Facebook Ads,summer_sale,10138.64,299372,5456,7544
2024-03-23,Facebook Ads,launch_2024,8951.4,160972,4142,2884
2024-03-23,fb,retargeting,1037.52,54343,1698,1335
2024-03-24,Facebook Ads,black_friday,19689.93,501152,20453,14598
2024-03-24,GoogleAds,summer_sale,11922.33,467482,8186,5656
2024-03-24,EMAIL,launch_2024,5320.39,121039,2442,1053
2024-03-24,facebook,retargeting,2234.61,80034,1395,2061
2024-03-25,Facebook,black_friday,23239.87,1024218,22277,16047
2024-03-25,FB Ads,summer_sale,9680.06,201583,8547,5372
2024-03-25,G Ads,launch_2024,9578.76,219251,4524,3172
2024-03-25,fb,retargeting,1898.04,93380,1813,1296
2024-03-26,Google-Ads,black_friday,20560.16,704560,30719,26111
2024-03-26,email,summer_sale,6339.97,226559,4176,7020
2024-03-26,Google-Ads,launch_2024,12573.5,208696,4735,5203
2024-03-26,FB Ads,retargeting,767.49,109750,2457,1715
2024-03-27,fb,black_friday,17234.31,736389,20949,15884
2024-03-27,facebook,summer_sale,10799.19,285307,11592,8936
2024-03-27,google ads,launch_2024,15103.75,410614,8831,4663
2024-03-27,Facebook,retargeting,1270.36,83149,2910,852
2024-03-28,Google-Ads,black_friday,21808.71,783777,14362,7237
2024-03-28,Email Marketing,summer_sale,6392.16,203096,4329,2589
2024-03-28,google ads,launch_2024,8426.29,204749,8640,4957
2024-03-28,GoogleAds,retargeting,2330.39,98048,2895,1338
2024-03-29,E-mail,black_friday,12478.92,355491,13588,6840
2024-03-29,G Ads,summer_sale,11354.28,369588,9327,4658
2024-03-29,google_ads,launch_2024,9521.52,268367,8746,6299
2024-03-29,google ads,retargeting,2087.39,180992,3622,2680
2024-03-30,Facebook,black_friday,29392.82,1029632,26428,14575
2024-03-30,Facebook Ads,summer_sale,11541.59,369994,6010,7127
2024-03-30,Facebook Ads,launch_2024,7739.33,267217,3443,4212
2024-03-30,google ads,retargeting,2321.13,134447,1287,1188
2024-03-31,Facebook,black_friday,12715.24,615929,16421,14237
2024-03-31,G Ads,summer_sale,17688.65,292619,14758,5841
2024-03-31,G Ads,launch_2024,8539.12,311932,3810,5303
2024-03-31,FB Ads,retargeting,1236.5,62564,2152,2012
2024-04-01,Facebook,black_friday,20610.91,937808,19982,19066
2024-04-01,Facebook Ads,summer_sale,8202.3,309313,5259,6214
2024-04-01,newsletter,launch_2024,6570.9,156808,2382,2812
2024-04-01,Meta Ads,retargeting,1558.46,102170,2381,915
2024-04-02,G Ads,black_friday,19106.87,830708,13537,22209
2024-04-02,E-mail,summer_sale,8145.44,284687,7025,4236
2024-04-02,E-mail,launch_2024,4125.23,87656,3448,1235
2024-04-02,Facebook Ads,retargeting,1615.44,108784,2172,1705
2024-04-03,Facebook,black_friday,16950.16,631190,19746,14013
2024-04-03,GoogleAds,summer_sale,16554.84,511270,8602,7270
2024-04-03,E-mail,launch_2024,6698.65,170075,3928,1927
2024-04-03,Facebook,retargeting,1934.3,83603,1041,1022
2024-04-04,Google Ads,black_friday,31762.57,791859,20027,23350
2024-04-04,facebook,summer_sale,8152.89,232103,8067,5803
2024-04-04,Email Marketing,launch_2024,5257.66,128696,2642,1045
2024-04-04,google_ads,retargeting,2722.67,105927,2135,2218
2024-04-05,G Ads,black_friday,19595.24,1032586,19136,9477
2024-04-05,G Ads,summer_sale,14607.26,397034,11231,8187
2024-04-05,Google Ads,launch_2024,8976.11,424166,7783,3440
2024-04-05,Meta Ads,retargeting,2484.41,130388,1910,2468
2024-04-06,facebook,black_friday,25335.76,565908,20420,14992
2024-04-06,Facebook Ads,summer_sale,8660.24,220279,6281,6808
2024-04-06,Meta Ads,launch_2024,9262.61,203293,6061,4007
2024-04-06,email,retargeting,1065.41,67821,1058,852
2024-04-07,FB Ads,black_friday,18565.25,890178,19434,19433
2024-04-07,FB Ads,summer_sale,14293.83,446705,12374,6297
2024-04-07,G Ads,launch_2024,14673.98,300874,10011,7590
2024-04-07,facebook,retargeting,1052.47,83560,2255,594
2024-04-08,G Ads,black_friday,22315.29,1189150,29161,15519
2024-04-08,Google-Ads,summer_sale,12290.42,483725,8434,4906
2024-04-08,facebook,launch_2024,5969.51,181327,4195,2414
2024-04-08,google ads,retargeting,1599.25,164025,1481,2079
2024-04-09,google ads,black_friday,18474.36,850847,18186,17089
2024-04-09,google ads,summer_sale,11317.77,515507,7633,5599
2024-04-09,G Ads,launch_2024,8845.49,347432,3915,4266
2024-04-09,google_ads,retargeting,1304.31,124818,2720,2589
2024-04-10,GoogleAds,black_friday,27261.15,1185258,15880,14862
2024-04-10,email,summer_sale,5954.8,144336,5286,1992
2024-04-10,google_ads,launch_2024,11526.89,302801,9111,6943
2024-04-10,G Ads,retargeting,2585.99,133580,2733,1652
2024-04-11,GoogleAds,black_friday,28008.32,794043,18157,11497
2024-04-11,fb,summer_sale,14158.05,347080,9462,4574
2024-04-11,G Ads,launch_2024,11635.55,350497,9680,4291
2024-04-11,Meta Ads,retargeting,1383.38,104486,2649,1668
2024-04-12,Google Ads,black_friday,16435.66,748344,20382,19082
2024-04-12,Google Ads,summer_sale,10918.61,477330,9319,10192
2024-04-12,EMAIL,launch_2024,8011.06,260309,5099,4214
2024-04-12,Facebook Ads,retargeting,1385.91,97928,1902,1680
2024-04-13,EMAIL,black_friday,16487.31,658590,9759,5164
2024-04-13,Email Marketing,summer_sale,7102.2,140607,4063,3708
2024-04-13,Meta Ads,launch_2024,8812.07,345814,5389,2828
2024-04-13,email,retargeting,757.04,69865,878,529
2024-04-14,G Ads,black_friday,20868.49,818327,21691,18624
2024-04-14,facebook,summer_sale,12477.27,283953,6072,5170
2024-04-14,fb,launch_2024,8990.52,333681,3585,5331
2024-04-14,facebook,retargeting,842.97,125946,1064,1835
2024-04-15,google ads,black_friday,22965.23,1144975,17456,11114
2024-04-15,google ads,summer_sale,10844.85,550824,10221,4342
2024-04-15,Facebook Ads,launch_2024,12302.74,287349,6829,3619
2024-04-15,newsletter,retargeting,1262.16,70561,1596,895
2024-04-16,fb,black_friday,23022.15,1057460,27206,17918
2024-04-16,fb,summer_sale,11047.13,382895,5140,8707
2024-04-16,Email Marketing,launch_2024,4473.51,205920,1935,1579
2024-04-16,FB Ads,retargeting,1571.64,89596,1563,1662
2024-04-17,google ads,black_friday,26078.45,736950,21797,21788
2024-04-17,google ads,summer_sale,16866.12,474123,10864,5444
2024-04-17,email,launch_2024,3603.56,95503,3374,2808
2024-04-17,google ads,retargeting,2882.84,122316,3066,1632
2024-04-18,Facebook,black_friday,20788.41,737425,13808,21082
2024-04-18,fb,summer_sale,13716.19,442644,10810,8703
2024-04-18,google_ads,launch_2024,9548.95,336670,5178,2521
2024-04-18,G Ads,retargeting,2117.64,159151,1334,2539
2024-04-19,EMAIL,black_friday,13549.99,537430,12930,12986
2024-04-19,FB Ads,summer_sale,9000.66,423301,8305,7044
2024-04-19,google_ads,launch_2024,13444.3,466599,5859,5703
2024-04-19,Facebook Ads,retargeting,1105.86,122767,1990,2518
2024-04-20,G Ads,black_friday,19007.6,1215240,21280,22430
2024-04-20,Facebook Ads,summer_sale,15102.78,303761,7916,9433
2024-04-20,Email Marketing,launch_2024,5510.89,278349,4566,2546
2024-04-20,Meta Ads,retargeting,2276.0,123484,3249,1402
2024-04-21,Facebook,black_friday,15254.0,500869,8947,16976
2024-04-21,google_ads,summer_sale,13951.52,385746,10561,6099
2024-04-21,Google-Ads,launch_2024,12054.2,203194,4575,4446
2024-04-21,E-mail,retargeting,593.21,51479,1024,949
2024-04-22,G Ads,black_friday,22992.26,790700,20288,14659
2024-04-22,Meta Ads,summer_sale,9203.33,425217,5120,7637
2024-04-22,newsletter,launch_2024,5899.44,120554,5457,2611
2024-04-22,G Ads,retargeting,2508.93,112696,2165,2928
2024-04-23,G Ads,black_friday,20035.1,891139,12189,15915
2024-04-23,facebook,summer_sale,11091.38,250754,8480,5206
2024-04-23,google_ads,launch_2024,9191.97,464847,9500,3973
2024-04-23,fb,retargeting,2442.63,145203,1673,2270
2024-04-24,Google-Ads,black_friday,23253.13,979069,15536,19823
2024-04-24,Google Ads,summer_sale,15281.57,481604,7636,10341
2024-04-24,Google Ads,launch_2024,15324.3,216941,4362,7179
2024-04-24,Meta Ads,retargeting,1561.29,147513,1117,1432
2024-04-25,google ads,black_friday,27693.38,1003061,17706,15524
2024-04-25,GoogleAds,summer_sale,13216.93,520254,9535,4628
2024-04-25,Email Marketing,launch_2024,5423.29,170746,3130,2111
2024-04-25,Meta Ads,retargeting,724.64,111386,1391,1208
2024-04-26,G Ads,black_friday,28347.59,1180305,28219,20049
2024-04-26,Meta Ads,summer_sale,13304.34,463156,5830,6865
2024-04-26,Facebook,launch_2024,9484.27,295459,3197,5130
2024-04-26,google ads,retargeting,1963.12,141793,1937,2808
2024-04-27,Meta Ads,black_friday,23965.53,1018414,24347,21174
2024-04-27,Facebook,summer_sale,10628.07,438853,10128,6217
2024-04-27,Email Marketing,launch_2024,7176.57,292111,5494,3737
2024-04-27,Meta Ads,retargeting,1814.57,103552,2185,1060
2024-04-28,Google Ads,black_friday,23291.9,1000820,32174,12970
2024-04-28,EMAIL,summer_sale,4782.39,168865,3644,4407
2024-04-28,google_ads,launch_2024,10951.27,290720,3757,4130
2024-04-28,FB Ads,retargeting,2282.61,134076,2852,1982
2024-04-29,google ads,black_friday,20957.13,1058103,15711,13351
2024-04-29,facebook,summer_sale,12103.82,380443,6914,8584
2024-04-29,facebook,launch_2024,7340.73,254311,3596,1903
2024-04-29,newsletter,retargeting,934.23,50118,704,923
2024-04-30,facebook,black_friday,16491.6,856905,14969,18022
2024-04-30,newsletter,summer_sale,3741.14,114106,5025,3368
2024-04-30,Meta Ads,launch_2024,8870.48,273034,4185,2195
2024-04-30,fb,retargeting,905.35,116531,2573,2313
2024-05-01,Google Ads,black_friday,24566.96,1272465,30517,25146
2024-05-01,Meta Ads,summer_sale,9793.81,417632,8889,6772
2024-05-01,Google-Ads,launch_2024,12299.18,284043,5391,4941
2024-05-01,FB Ads,retargeting,1257.26,127939,1919,1324
2024-05-02,Google Ads,black_friday,16660.09,1073109,11384,18652
2024-05-02,newsletter,summer_sale,5914.41,247732,4163,4160
2024-05-02,newsletter,launch_2024,8534.58,153333,4831,2119
2024-05-02,Meta Ads,retargeting,1310.84,72892,2059,1222
2024-05-03,Google Ads,black_friday,25101.51,811661,16017,21153
2024-05-03,G Ads,summer_sale,13827.45,370675,10973,4173
2024-05-03,email,launch_2024,7370.21,150753,3787,2581
2024-05-03,Email Marketing,retargeting,989.85,34862,1306,514
2024-05-04,GoogleAds,black_friday,22698.9,1175330,23146,15897
2024-05-04,GoogleAds,summer_sale,17347.23,467420,7183,10689
2024-05-04,google ads,launch_2024,16210.94,530840,9840,3383
2024-05-04,GoogleAds,retargeting,1804.48,99250,1198,1375
2024-05-05,fb,black_friday,15192.42,460463,18457,7500
2024-05-05,Facebook,summer_sale,8680.43,200173,10709,7869
2024-05-05,GoogleAds,launch_2024,12266.37,288097,8540,6430
2024-05-05,Meta Ads,retargeting,1345.27,111512,2044,1321
2024-05-06,G Ads,black_friday,24405.13,1022444,18418,18061
2024-05-06,Meta Ads,summer_sale,13104.85,382425,8855,10575
2024-05-06,google ads,launch_2024,10967.65,335838,3998,3561
2024-05-06,Meta Ads,retargeting,1729.87,66838,1525,1327
2024-05-07,facebook,black_friday,19625.36,873915,24036,8021
2024-05-07,newsletter,summer_sale,5672.51,275368,4595,5006
2024-05-07,newsletter,launch_2024,6167.86,204388,3667,3203
2024-05-07,email,retargeting,1172.49,67879,532,524
2024-05-08,E-mail,black_friday,12826.91,434347,10122,6322
2024-05-08,Google-Ads,summer_sale,11131.86,532724,7536,5748
2024-05-08,FB Ads,launch_2024,8609.64,350104,6298,4577
2024-05-08,Facebook Ads,retargeting,879.04,121250,2601,1778
2024-05-09,GoogleAds,black_friday,28890.2,1117915,23794,26346
2024-05-09,Facebook Ads,summer_sale,11450.19,281486,6688,3715
2024-05-09,FB Ads,launch_2024,10096.95,343581,3245,2664
2024-05-09,fb,retargeting,1311.42,135403,2261,1714
2024-05-10,FB Ads,black_friday,18627.1,1106011,25577,15848
2024-05-10,FB Ads,summer_sale,10192.65,219988,7876,7799
2024-05-10,facebook,launch_2024,8196.91,153599,6114,2249
2024-05-10,fb,retargeting,1995.64,91775,1192,2317
2024-05-11,google ads,black_friday,18697.26,918756,17298,14153
2024-05-11,Google-Ads,summer_sale,12215.9,354749,10871,5201
2024-05-11,facebook,launch_2024,9367.32,289447,6076,6382
2024-05-11,Facebook,retargeting,1729.89,48597,2257,800
2024-05-12,google_ads,black_friday,29193.44,667492,28349,22329
2024-05-12,Email Marketing,summer_sale,6231.68,203142,3291,3585
2024-05-12,E-mail,launch_2024,6324.44,258445,5574,2200
2024-05-12,email,retargeting,1088.25,33343,892,1177
2024-05-13,google ads,black_friday,25514.24,702130,16008,21761
2024-05-13,Facebook,summer_sale,9696.83,348721,8180,9007
2024-05-13,Facebook Ads,launch_2024,9051.97,455465,4759,4187
2024-05-13,Facebook,retargeting,1665.51,123902,1012,1230
2024-05-14,Google Ads,black_friday,22039.59,829145,17948,10889
2024-05-14,EMAIL,summer_sale,6244.08,144402,4243,1732
2024-05-14,newsletter,launch_2024,6889.85,220175,2132,2298
2024-05-14,Meta Ads,retargeting,2075.45,112862,1487,2263
2024-05-15,Facebook Ads,black_friday,23307.25,731531,13532,16912
2024-05-15,Meta Ads,summer_sale,15191.58,488203,10621,5012
2024-05-15,google_ads,launch_2024,8394.38,242895,8448,5087
2024-05-15,email,retargeting,722.22,60698,1420,818
2024-05-16,FB Ads,black_friday,13148.68,589584,15149,13878
2024-05-16,Meta Ads,summer_sale,10058.6,304715,11408,8711
2024-05-16,email,launch_2024,4784.7,84161,1759,1355
2024-05-16,FB Ads,retargeting,1060.18,65431,2026,1910
2024-05-17,Meta Ads,black_friday,17369.51,732343,21261,6809
2024-05-17,fb,summer_sale,8870.1,177339,6473,3499
2024-05-17,Email Marketing,launch_2024,5143.89,160460,3132,3046
2024-05-17,Google-Ads,retargeting,3161.04,198021,2402,3136
2024-05-18,EMAIL,black_friday,12947.77,563740,15868,5984
2024-05-18,GoogleAds,summer_sale,14463.52,291916,11802,10988
2024-05-18,google_ads,launch_2024,12355.77,203683,7077,4970
2024-05-18,Facebook Ads,retargeting,1196.65,70681,1957,1922
2024-05-19,FB Ads,black_friday,19818.46,1028496,26661,19023
2024-05-19,Facebook,summer_sale,13390.02,292693,11607,9867
2024-05-19,Google Ads,launch_2024,11946.43,385596,7593,4040
2024-05-19,Facebook Ads,retargeting,2101.6,139671,1483,1436
2024-05-20,fb,black_friday,21553.33,779959,16446,11702
2024-05-20,Google-Ads,summer_sale,10184.17,323099,10506,11998
2024-05-20,fb,launch_2024,8267.9,199463,5315,2395
2024-05-20,Facebook Ads,retargeting,2032.87,63352,2253,1384
2024-05-21,FB Ads,black_friday,18887.28,914608,14647,10000
2024-05-21,G Ads,summer_sale,11959.89,507309,7753,7373
2024-05-21,google_ads,launch_2024,8192.77,239439,8174,3958
2024-05-21,fb,retargeting,1446.2,102802,1768,2209
2024-05-22,GoogleAds,black_friday,24714.33,830323,20324,16311
2024-05-22,email,summer_sale,8182.77,168628,3990,3744
2024-05-22,facebook,launch_2024,10756.77,331201,4063,4774
2024-05-22,Meta Ads,retargeting,2496.73,136136,2806,2538
2024-05-23,Google Ads,black_friday,27220.74,832315,27724,19416
2024-05-23,Facebook Ads,summer_sale,10524.11,392706,4992,6606
2024-05-23,EMAIL,launch_2024,4613.7,243626,4619,3244
2024-05-23,FB Ads,retargeting,1775.65,117288,2302,1385
2024-05-24,FB Ads,black_friday,19004.16,797401,16007,14352
2024-05-24,Google Ads,summer_sale,14803.15,332212,14097,4994
2024-05-24,EMAIL,launch_2024,5510.52,186056,3876,2324
2024-05-24,facebook,retargeting,2712.38,80247,1132,1077
2024-05-25,google ads,black_friday,16001.81,970545,14211,15521
2024-05-25,Email Marketing,summer_sale,3926.95,138793,5509,4108
2024-05-25,google ads,launch_2024,7956.06,204631,6308,2971
2024-05-25,Meta Ads,retargeting,1888.43,116055,2317,897
2024-05-26,newsletter,black_friday,13274.3,418880,11134,10993
2024-05-26,newsletter,summer_sale,8968.32,272684,7540,6323
2024-05-26,FB Ads,launch_2024,7880.78,279034,4043,4870
2024-05-26,Facebook Ads,retargeting,2596.13,75644,2201,2592
2024-05-27,google ads,black_friday,20333.49,713445,12883,20712
2024-05-27,google_ads,summer_sale,11125.39,459592,5501,8079
2024-05-27,google ads,launch_2024,10544.25,460872,5247,5480
2024-05-27,E-mail,retargeting,1068.7,59777,1479,1393
2024-05-28,Facebook,black_friday,21133.08,779997,17428,13247
2024-05-28,G Ads,summer_sale,13159.63,480900,9366,7485
2024-05-28,newsletter,launch_2024,4336.24,93266,3196,2582
2024-05-28,facebook,retargeting,1866.5,119629,2110,1127
2024-05-29,Google Ads,black_friday,29435.69,901668,17562,16836
2024-05-29,google ads,summer_sale,16848.95,373372,7968,11301
2024-05-29,Facebook Ads,launch_2024,12501.79,172963,8079,3008
2024-05-29,Facebook Ads,retargeting,2494.25,101398,1684,808
2024-05-30,E-mail,black_friday,12508.13,383979,13460,10628
2024-05-30,EMAIL,summer_sale,8840.87,226559,3696,5918
2024-05-30,EMAIL,launch_2024,6518.92,235033,3861,3455
2024-05-30,google_ads,retargeting,2925.23,150755,3551,1592
2024-05-31,Facebook,black_friday,19217.87,1104257,26535,11198
2024-05-31,EMAIL,summer_sale,4775.65,153794,3056,3175
2024-05-31,Email Marketing,launch_2024,3521.19,141290,2757,1489
2024-05-31,Facebook Ads,retargeting,1776.56,45889,2394,2155
2024-06-01,Google-Ads,black_friday,17565.89,1004930,12335,12140
2024-06-01,FB Ads,summer_sale,7247.59,324599,5632,4647
2024-06-01,email,launch_2024,6374.41,156874,2313,1727
2024-06-01,facebook,retargeting,1169.13,158382,2902,1582
2024-06-02,fb,black_friday,17942.69,1003465,25635,9748
2024-06-02,google_ads,summer_sale,18234.68,562508,15053,10494
2024-06-02,fb,launch_2024,10896.73,320224,7508,3637
2024-06-02,google ads,retargeting,1532.71,163092,2894,2161
2024-06-03,google ads,black_friday,20878.09,1055547,22662,11881
2024-06-03,Google Ads,summer_sale,10002.62,276962,8946,7576
2024-06-03,Email Marketing,launch_2024,6480.93,251174,4260,2522
2024-06-03,FB Ads,retargeting,1586.73,61852,2451,1621
2024-06-04,FB Ads,black_friday,28128.12,829873,26682,18467
2024-06-04,google_ads,summer_sale,14436.1,501042,11596,4308
2024-06-04,GoogleAds,launch_2024,9669.44,460251,8385,6409
2024-06-04,Facebook Ads,retargeting,2321.88,95565,1805,2302
2024-06-05,Google-Ads,black_friday,21797.35,777367,18645,19094
2024-06-05,fb,summer_sale,11355.28,325263,10155,8459
2024-06-05,EMAIL,launch_2024,7394.0,161186,2717,2793
2024-06-05,google ads,retargeting,1353.66,92280,3708,2691
2024-06-06,G Ads,black_friday,23825.78,728396,24616,21630
2024-06-06,fb,summer_sale,10294.45,280563,12945,9972
2024-06-06,Google Ads,launch_2024,8064.8,395774,8488,4293
2024-06-06,G Ads,retargeting,1886.13,95403,3314,1165
2024-06-07,google ads,black_friday,26534.67,720928,22669,11563
2024-06-07,google ads,summer_sale,15403.17,523340,14627,10503
2024-06-07,google_ads,launch_2024,12514.91,342635,7409,5005
2024-06-07,EMAIL,retargeting,1380.85,53042,1849,548
2024-06-08,G Ads,black_friday,22959.53,697325,15867,7986
2024-06-08,Meta Ads,summer_sale,8382.6,357390,9771,4268
2024-06-08,facebook,launch_2024,8420.88,349743,7065,2025
2024-06-08,fb,retargeting,1946.85,66065,2263,2620
2024-06-09,Google-Ads,black_friday,22265.33,639374,27509,20335
2024-06-09,Meta Ads,summer_sale,13467.84,396376,10085,9181
2024-06-09,Facebook,launch_2024,9441.65,363477,6743,3152
2024-06-09,facebook,retargeting,1959.5,107738,1362,874
2024-06-10,Facebook,black_friday,17458.32,775047,11673,16471
2024-06-10,Meta Ads,summer_sale,13345.19,313948,9186,5310
2024-06-10,email,launch_2024,5061.36,115515,2875,1758
2024-06-10,fb,retargeting,1528.3,48632,2418,1235
2024-06-11,Facebook Ads,black_friday,17063.88,798089,11693,7277
2024-06-11,google_ads,summer_sale,10507.03,328342,11345,6130
2024-06-11,Facebook,launch_2024,9076.92,187008,7735,6066
2024-06-11,GoogleAds,retargeting,992.72,67641,2231,2234
2024-06-12,FB Ads,black_friday,20429.01,642041,14085,8094
2024-06-12,google_ads,summer_sale,11336.06,228285,6221,4327
2024-06-12,Meta Ads,launch_2024,11838.49,446254,3610,5393
2024-06-12,newsletter,retargeting,735.01,41722,1740,1483
2024-06-13,Google-Ads,black_friday,28219.14,851393,26296,9877
2024-06-13,G Ads,summer_sale,12676.09,529252,7785,8397
2024-06-13,FB Ads,launch_2024,10653.11,344214,5045,5646
2024-06-13,GoogleAds,retargeting,1233.66,52554,2254,1555
2024-06-14,G Ads,black_friday,26293.42,703878,13488,12452
2024-06-14,fb,summer_sale,7149.71,240429,4829,6011
2024-06-14,email,launch_2024,6615.66,257735,4683,4382
2024-06-14,GoogleAds,retargeting,2057.01,152989,2153,1678
2024-06-15,GoogleAds,black_friday,20916.33,899651,24627,20110
2024-06-15,EMAIL,summer_sale,4172.74,215685,2736,4709
2024-06-15,Facebook,launch_2024,11269.34,151447,6626,2387
2024-06-15,Email Marketing,retargeting,1096.53,66146,703,863
2024-06-16,Google Ads,black_friday,25730.08,1041966,27454,17852
2024-06-16,FB Ads,summer_sale,8025.08,186261,8075,6452
2024-06-16,E-mail,launch_2024,4328.94,222654,2995,1981
2024-06-16,FB Ads,retargeting,1686.69,151204,3341,1007
2024-06-17,Meta Ads,black_friday,21209.11,895992,19627,14129
2024-06-17,Meta Ads,summer_sale,7974.53,333012,8838,5460
2024-06-17,GoogleAds,launch_2024,10532.95,390886,5788,4022
2024-06-17,fb,retargeting,1407.52,79297,2674,1589
2024-06-18,Google-Ads,black_friday,22996.19,882600,21972,24240
2024-06-18,GoogleAds,summer_sale,9839.72,294828,5267,9336
2024-06-18,E-mail,launch_2024,5900.2,160812,3664,2360
2024-06-18,fb,retargeting,1309.2,66077,1847,1587
2024-06-19,Google Ads,black_friday,29502.76,672423,17700,10501
2024-06-19,Google Ads,summer_sale,11344.04,504295,9094,8029
2024-06-19,fb,launch_2024,11220.47,213055,6101,2373
2024-06-19,GoogleAds,retargeting,2247.09,161782,2270,1368
2024-06-20,Google Ads,black_friday,28173.42,1031261,16707,17817
2024-06-20,EMAIL,summer_sale,6992.3,191133,6055,3222
2024-06-20,Google Ads,launch_2024,10848.0,433250,4894,6765
2024-06-20,Facebook Ads,retargeting,1605.47,70527,1757,1546
2024-06-21,Facebook,black_friday,25375.57,738860,13882,18801
2024-06-21,Facebook Ads,summer_sale,9705.49,372628,8326,7951
2024-06-21,GoogleAds,launch_2024,11031.34,321235,6602,4139
2024-06-21,Email Marketing,retargeting,1002.19,84870,2032,1313
2024-06-22,GoogleAds,black_friday,27512.31,1030028,18272,16541
2024-06-22,Facebook Ads,summer_sale,10618.65,236380,12953,4761
2024-06-22,Meta Ads,launch_2024,9922.73,173599,4107,2590
2024-06-22,E-mail,retargeting,756.15,74909,1873,1468
2024-06-23,Meta Ads,black_friday,19594.2,615453,10460,12353
2024-06-23,google_ads,summer_sale,12143.74,240441,9487,8514
2024-06-23,Google Ads,launch_2024,14485.16,281910,4634,6328
2024-06-23,Google-Ads,retargeting,883.54,88169,2177,1897
2024-06-24,Facebook,black_friday,23616.57,1135117,27468,9844
2024-06-24,Facebook,summer_sale,12722.32,434689,9820,5493
2024-06-24,GoogleAds,launch_2024,15008.64,469190,9587,7926
2024-06-24,EMAIL,retargeting,866.44,58450,1554,1347
2024-06-25,fb,black_friday,17784.37,720063,11913,11975
2024-06-25,Email Marketing,summer_sale,9794.7,289465,8657,4889
2024-06-25,Google-Ads,launch_2024,10293.07,396872,9880,6226
2024-06-25,Email Marketing,retargeting,611.43,31428,1505,718
2024-06-26,google_ads,black_friday,21953.97,844205,24255,19650
2024-06-26,google_ads,summer_sale,17854.89,487759,15564,11637
2024-06-26,G Ads,launch_2024,14362.79,475290,8584,2868
2024-06-26,facebook,retargeting,2399.75,90247,2085,1752
2024-06-27,Google-Ads,black_friday,21687.87,817278,15369,11232
2024-06-27,Meta Ads,summer_sale,7319.37,409493,6601,7418
2024-06-27,EMAIL,launch_2024,6421.6,158809,2843,2388
2024-06-27,FB Ads,retargeting,1200.89,93733,1301,2802
2024-06-28,google_ads,black_friday,17776.83,967683,21454,11710
2024-06-28,EMAIL,summer_sale,6822.94,307816,5907,3868
2024-06-28,Email Marketing,launch_2024,4146.07,106340,1509,2388
2024-06-28,facebook,retargeting,928.5,97751,2295,2099
2024-06-29,Facebook Ads,black_friday,17100.79,1085799,12327,12061
2024-06-29,Google Ads,summer_sale,14311.9,342710,7534,7664
2024-06-29,Google Ads,launch_2024,10976.42,389405,7110,3055
2024-06-29,fb,retargeting,2023.24,72664,1256,1821
2024-06-30,Meta Ads,black_friday,20631.57,722995,12372,16314
2024-06-30,FB Ads,summer_sale,8712.68,212420,9033,3477
2024-06-30,E-mail,launch_2024,4013.16,105505,3980,2281
2024-06-30,Google Ads,retargeting,1967.44,95003,2993,2834
2024-07-01,google_ads,black_friday,26797.2,758786,19680,14171
2024-07-01,Facebook,summer_sale,13224.24,343265,8620,4379
2024-07-01,google_ads,launch_2024,8234.88,251639,7006,4499
2024-07-01,Meta Ads,retargeting,1439.25,149106,2114,1577
2024-07-02,FB Ads,black_friday,12325.99,647224,9968,8490
2024-07-02,G Ads,summer_sale,12617.72,454451,8328,6875
2024-07-02,Facebook,launch_2024,10602.95,351382,3722,3808
2024-07-02,facebook,retargeting,2137.68,124057,2132,695
2024-07-03,google ads,black_friday,25735.36,761078,14198,20617
2024-07-03,Google Ads,summer_sale,17997.51,681675,7161,11781
2024-07-03,Facebook,launch_2024,13156.04,236467,7528,4053
2024-07-03,Google-Ads,retargeting,1981.75,72455,1632,2206
2024-07-04,Email Marketing,black_friday,12208.75,475423,12032,8334
2024-07-04,Email Marketing,summer_sale,6355.56,147926,3292,2985
2024-07-04,Google Ads,launch_2024,7802.46,352065,7328,6440
2024-07-04,fb,retargeting,868.4,40175,1311,1268
2024-07-05,facebook,black_friday,25087.94,804304,13445,17469
2024-07-05,Facebook Ads,summer_sale,7497.93,421776,10051,6371
2024-07-05,Google Ads,launch_2024,14494.06,327722,6909,5555
2024-07-05,Facebook,retargeting,1974.87,100707,1622,1108
2024-07-06,Meta Ads,black_friday,18443.17,654790,11260,17929
2024-07-06,facebook,summer_sale,8809.58,313058,7650,6247
2024-07-06,email,launch_2024,7930.28,233985,4020,3754
2024-07-06,E-mail,retargeting,530.61,54710,899,424
2024-07-07,Google Ads,black_friday,20599.03,1032030,22983,19512
2024-07-07,Google Ads,summer_sale,16878.49,551133,9006,9682
2024-07-07,google ads,launch_2024,13148.53,277046,8358,4870
2024-07-07,fb,retargeting,2448.92,156038,2096,2223
2024-07-08,G Ads,black_friday,25388.73,719219,17359,20616
2024-07-08,fb,summer_sale,9426.15,439788,7424,8732
2024-07-08,email,launch_2024,4394.99,173131,2208,1864
2024-07-08,FB Ads,retargeting,852.72,68426,2007,2161
2024-07-09,Facebook Ads,black_friday,13723.56,678229,21686,11313
2024-07-09,Meta Ads,summer_sale,11236.09,385958,8188,4692
2024-07-09,Meta Ads,launch_2024,10984.67,357168,5915,5025
2024-07-09,Meta Ads,retargeting,1427.41,92765,2172,886
2024-07-10,Facebook,black_friday,15107.54,656206,20726,7936
2024-07-10,Meta Ads,summer_sale,11483.79,423530,8527,6872
2024-07-10,fb,launch_2024,7045.7,343538,3597,4663
2024-07-10,Facebook Ads,retargeting,1589.83,69986,3424,1016
2024-07-11,Google-Ads,black_friday,32873.03,900328,24807,10148
2024-07-11,google ads,summer_sale,14471.83,386899,7337,12602
2024-07-11,Email Marketing,launch_2024,5597.41,245588,3923,3041
2024-07-11,fb,retargeting,2596.79,67805,1546,1713
2024-07-12,Facebook Ads,black_friday,23482.88,883172,24630,7142
2024-07-12,Google Ads,summer_sale,15167.42,583822,14877,6999
2024-07-12,facebook,launch_2024,7967.25,167957,7325,5414
2024-07-12,Facebook Ads,retargeting,1785.17,65154,995,975
2024-07-13,google ads,black_friday,24193.73,780235,17087,21466
2024-07-13,newsletter,summer_sale,7258.2,221117,2774,2548
2024-07-13,G Ads,launch_2024,11157.47,388419,8701,3809
2024-07-13,EMAIL,retargeting,1459.05,72075,1683,1093
2024-07-14,Meta Ads,black_friday,23180.09,683736,27525,8372
2024-07-14,Facebook,summer_sale,9765.31,342847,6475,7224
2024-07-14,fb,launch_2024,9778.09,412116,3648,3135
2024-07-14,Meta Ads,retargeting,951.13,108747,983,1403
2024-07-15,Google-Ads,black_friday,17772.84,564952,24082,10674
2024-07-15,GoogleAds,summer_sale,13981.08,571130,9306,6198
2024-07-15,E-mail,launch_2024,5901.04,207456,3625,2543
2024-07-15,E-mail,retargeting,461.68,34089,808,735
2024-07-16,Meta Ads,black_friday,19394.06,986864,11965,17108
2024-07-16,GoogleAds,summer_sale,9921.19,458958,11559,4295
2024-07-16,fb,launch_2024,13500.74,345774,5447,4835
2024-07-16,facebook,retargeting,2201.55,148839,1424,2588
2024-07-17,google_ads,black_friday,20400.61,766474,14959,22061
2024-07-17,Facebook Ads,summer_sale,8746.55,440584,5167,5928
2024-07-17,Email Marketing,launch_2024,5102.95,112130,4922,3741
2024-07-17,E-mail,retargeting,653.34,39961,1218,617
2024-07-18,FB Ads,black_friday,16704.75,987267,23883,18808
2024-07-18,FB Ads,summer_sale,16262.25,456091,10210,7156
2024-07-18,FB Ads,launch_2024,11023.75,290310,6804,2751
2024-07-18,GoogleAds,retargeting,1575.71,92264,2364,938
2024-07-19,Facebook Ads,black_friday,26266.24,1036533,12523,12426
2024-07-19,fb,summer_sale,8521.06,254396,9809,6406
2024-07-19,Email Marketing,launch_2024,4139.25,171976,2152,1042
2024-07-19,Facebook Ads,retargeting,2575.33,120963,1810,2077
2024-07-20,Facebook Ads,black_friday,20610.5,491689,14365,10559
2024-07-20,google ads,summer_sale,10698.85,448443,12682,9543
2024-07-20,EMAIL,launch_2024,4264.33,132809,2875,2843
2024-07-20,fb,retargeting,1175.8,49318,1041,1997
2024-07-21,Meta Ads,black_friday,22020.41,603911,25403,21773
2024-07-21,newsletter,summer_sale,9511.6,216359,7144,2679
2024-07-21,email,launch_2024,5288.93,128833,2511,1928
2024-07-21,fb,retargeting,1194.4,142332,3293,1187
2024-07-22,Google-Ads,black_friday,22202.42,659884,16162,10829
2024-07-22,google_ads,summer_sale,13861.92,391271,8205,9516
2024-07-22,EMAIL,launch_2024,3898.22,180624,2033,1987
2024-07-22,facebook,retargeting,1749.9,112508,1401,1897
2024-07-23,Google Ads,black_friday,20135.78,946178,16098,16417
2024-07-23,email,summer_sale,5600.62,143754,6416,3209
2024-07-23,FB Ads,launch_2024,6828.87,294640,6444,4404
2024-07-23,Email Marketing,retargeting,1248.9,62524,1271,824
2024-07-24,google_ads,black_friday,24480.56,1045620,15770,19225
2024-07-24,Meta Ads,summer_sale,11161.53,372264,6438,5529
2024-07-24,FB Ads,launch_2024,7524.74,344415,5197,3277
2024-07-24,Facebook,retargeting,2073.83,155326,2208,1796
2024-07-25,fb,black_friday,21068.39,606881,17510,10074
2024-07-25,Facebook,summer_sale,14804.57,230077,8361,4993
2024-07-25,google ads,launch_2024,13768.67,417431,4726,7015
2024-07-25,EMAIL,retargeting,1452.65,74475,1088,883
2024-07-26,email,black_friday,17793.29,504080,15009,11323
2024-07-26,Facebook Ads,summer_sale,10225.18,324342,11788,4452
2024-07-26,Facebook Ads,launch_2024,7293.04,244294,3052,2494
2024-07-26,Facebook,retargeting,2628.94,155077,1987,2361
2024-07-27,fb,black_friday,19579.55,979660,28446,18359
2024-07-27,google_ads,summer_sale,13366.2,432034,9297,4578
2024-07-27,GoogleAds,launch_2024,14716.46,352176,10355,4829
2024-07-27,Facebook Ads,retargeting,1144.51,75750,2882,2275
2024-07-28,google_ads,black_friday,18289.95,986294,28634,14213
2024-07-28,Facebook,summer_sale,11465.56,300607,9763,9501
2024-07-28,Facebook Ads,launch_2024,10304.09,376603,6762,2846
2024-07-28,facebook,retargeting,753.7,44440,1261,1258
2024-07-29,google_ads,black_friday,25257.65,1015949,23579,21595
2024-07-29,G Ads,summer_sale,14807.39,588847,7725,13095
2024-07-29,Meta Ads,launch_2024,9206.07,315594,8130,6655
2024-07-29,facebook,retargeting,2199.51,153586,1336,1412
2024-07-30,G Ads,black_friday,19094.51,856652,29632,13031
2024-07-30,EMAIL,summer_sale,6582.57,168220,4593,5630
2024-07-30,EMAIL,launch_2024,4378.39,163482,1919,1999
2024-07-30,fb,retargeting,1803.07,108177,2235,2053
2024-07-31,Email Marketing,black_friday,9680.34,242646,11223,3716
2024-07-31,facebook,summer_sale,10445.07,425417,9075,6579
2024-07-31,google_ads,launch_2024,10640.27,299031,6035,2670
2024-07-31,GoogleAds,retargeting,1345.06,64018,2553,2232
2024-08-01,google_ads,black_friday,22563.26,1091690,18168,24037
2024-08-01,Meta Ads,summer_sale,11391.96,406898,5674,4982
2024-08-01,fb,launch_2024,7860.9,219331,3610,3156
2024-08-01,Facebook Ads,retargeting,1135.97,83833,1032,1865
2024-08-02,google ads,black_friday,24336.66,1252595,17572,9138
2024-08-02,Facebook,summer_sale,8629.15,368847,9148,8925
2024-08-02,E-mail,launch_2024,4644.39,108606,3475,1973
2024-08-02,Facebook Ads,retargeting,712.38,58420,2072,935
2024-08-03,Google-Ads,black_friday,23257.86,1214950,19986,21860
2024-08-03,google ads,summer_sale,10156.58,560690,10740,11785
2024-08-03,newsletter,launch_2024,6595.32,108543,3424,1693
2024-08-03,google ads,retargeting,2851.63,67972,2131,1148
2024-08-04,google ads,black_friday,23677.43,945198,16347,19682
2024-08-04,Meta Ads,summer_sale,12229.18,277049,8379,11037
2024-08-04,FB Ads,launch_2024,9573.33,127201,3615,3283
2024-08-04,Google Ads,retargeting,993.4,86983,3209,2075
2024-08-05,fb,black_friday,16168.9,943331,14945,16782
2024-08-05,google_ads,summer_sale,14009.79,376433,12309,8910
2024-08-05,facebook,launch_2024,9157.74,146716,5032,4545
2024-08-05,Facebook,retargeting,2806.08,121329,3534,2544
2024-08-06,google_ads,black_friday,25061.6,570442,20377,9402
2024-08-06,facebook,summer_sale,8366.38,417619,9845,7403
2024-08-06,google ads,launch_2024,7571.6,332950,3293,2938
2024-08-06,facebook,retargeting,1275.7,96130,1429,1652
2024-08-07,Google Ads,black_friday,21167.95,1069978,32306,14481
2024-08-07,Google-Ads,summer_sale,11103.09,368448,11477,9411
2024-08-07,fb,launch_2024,9016.62,199632,4360,4807
2024-08-07,Email Marketing,retargeting,1287.71,83723,773,1095
2024-08-08,Facebook,black_friday,23926.45,745212,13171,14589
2024-08-08,Meta Ads,summer_sale,11692.39,481263,6770,4741
2024-08-08,google_ads,launch_2024,11496.37,193220,7022,3229
2024-08-08,fb,retargeting,1740.37,134575,2252,1069
2024-08-09,FB Ads,black_friday,14818.29,764546,15367,6696
2024-08-09,Meta Ads,summer_sale,11269.08,282679,12054,7783
2024-08-09,email,launch_2024,6233.81,189528,3164,1472
2024-08-09,Facebook Ads,retargeting,1070.52,40568,2046,1243
2024-08-10,google ads,black_friday,28125.91,754352,19009,15553
2024-08-10,GoogleAds,summer_sale,10402.18,267315,9435,6232
2024-08-10,E-mail,launch_2024,8571.13,285141,3707,3101
2024-08-10,Facebook,retargeting,979.13,110076,2020,1098
2024-08-11,GoogleAds,black_friday,28887.37,927535,18314,16807
2024-08-11,facebook,summer_sale,13412.8,229717,8233,5919
2024-08-11,newsletter,launch_2024,4860.46,90899,2434,1744
2024-08-11,google ads,retargeting,3130.67,92164,2860,2529
2024-08-12,google ads,black_friday,27002.78,643069,16970,19840
2024-08-12,fb,summer_sale,10682.32,407517,11582,4562
2024-08-12,FB Ads,launch_2024,14015.52,296242,3561,2978
2024-08-12,google ads,retargeting,2601.0,129518,3131,1819
2024-08-13,google_ads,black_friday,23251.65,1019278,26260,18350
2024-08-13,google ads,summer_sale,13389.45,552125,13376,6152
2024-08-13,Google Ads,launch_2024,8671.02,293173,3663,3517
2024-08-13,google ads,retargeting,1989.96,151156,2369,2513
2024-08-14,google_ads,black_friday,28240.71,1115721,17902,10029
2024-08-14,google ads,summer_sale,10813.94,428158,13979,12313
2024-08-14,GoogleAds,launch_2024,10803.87,435013,7562,6193
2024-08-14,Facebook,retargeting,2124.8,72178,1525,1362
2024-08-15,google_ads,black_friday,23330.21,755863,24328,13176
2024-08-15,FB Ads,summer_sale,12535.82,433907,8824,8831
2024-08-15,Google Ads,launch_2024,12231.28,235864,5305,3336
2024-08-15,facebook,retargeting,1422.08,67395,1539,2099
2024-08-16,google_ads,black_friday,16938.94,884724,24616,19888
2024-08-16,facebook,summer_sale,7772.81,394859,8340,3413
2024-08-16,G Ads,launch_2024,11747.03,476266,8747,6092
2024-08-16,Facebook Ads,retargeting,1985.95,99858,1206,664
2024-08-17,Google Ads,black_friday,30665.23,1285223,18394,24472
2024-08-17,google_ads,summer_sale,14824.02,426341,6882,8261
2024-08-17,G Ads,launch_2024,11112.43,352361,6421,3550
2024-08-17,facebook,retargeting,1862.41,79697,1603,1774
2024-08-18,fb,black_friday,18291.01,544193,18338,14147
2024-08-18,GoogleAds,summer_sale,14433.9,290471,8982,4580
2024-08-18,Email Marketing,launch_2024,7722.77,180355,5053,3745
2024-08-18,facebook,retargeting,1459.68,86950,3195,1349
2024-08-19,Facebook Ads,black_friday,20092.34,844239,21888,9306
2024-08-19,G Ads,summer_sale,10815.71,545137,10146,11355
2024-08-19,facebook,launch_2024,7414.5,295151,4049,4470
2024-08-19,FB Ads,retargeting,1319.76,127777,3203,2270
2024-08-20,Meta Ads,black_friday,21770.41,924427,12860,18117
2024-08-20,EMAIL,summer_sale,6596.93,150440,4611,4239
2024-08-20,Email Marketing,launch_2024,5196.7,191242,4554,3586
2024-08-20,Facebook,retargeting,1116.85,71849,1766,987
2024-08-21,fb,black_friday,23683.82,993156,11094,12972
2024-08-21,Google Ads,summer_sale,11930.57,463181,6573,8849
2024-08-21,EMAIL,launch_2024,6884.14,109782,2935,2491
2024-08-21,GoogleAds,retargeting,2184.71,167963,2316,978
2024-08-22,google_ads,black_friday,27813.96,1237604,14374,14111
2024-08-22,Meta Ads,summer_sale,15113.14,512321,8088,9741
2024-08-22,Facebook Ads,launch_2024,9691.73,374835,3839,2284
2024-08-22,GoogleAds,retargeting,1179.4,159139,1627,1921
2024-08-23,email,black_friday,13660.14,350268,15048,8303
2024-08-23,Google Ads,summer_sale,10541.31,302781,14540,5180
2024-08-23,newsletter,launch_2024,7686.69,251569,2216,3314
2024-08-23,fb,retargeting,1292.22,90834,2019,1455
2024-08-24,Google Ads,black_friday,26151.21,990487,20234,16950
2024-08-24,EMAIL,summer_sale,7713.33,163348,6617,4294
2024-08-24,Facebook Ads,launch_2024,9914.78,331939,6346,3512
2024-08-24,fb,retargeting,1686.75,135461,3077,1301
2024-08-25,Google-Ads,black_friday,19137.7,663539,28184,9560
2024-08-25,Email Marketing,summer_sale,7612.65,233857,3042,3443
2024-08-25,newsletter,launch_2024,6315.46,239562,2420,1491
2024-08-25,Google Ads,retargeting,989.12,85911,2156,1936
2024-08-26,Facebook Ads,black_friday,13171.53,721522,20358,16611
2024-08-26,Google-Ads,summer_sale,12414.65,313182,11884,6309
2024-08-26,Facebook Ads,launch_2024,7722.27,188037,6386,5741
2024-08-26,Meta Ads,retargeting,1011.48,55606,2196,2641
2024-08-27,email,black_friday,8748.37,259891,8137,5822
2024-08-27,facebook,summer_sale,11458.85,253881,7728,4281
2024-08-27,google ads,launch_2024,8244.87,264492,4481,2122
2024-08-27,fb,retargeting,1832.44,76309,1027,1354
2024-08-28,google ads,black_friday,26737.92,619962,18311,11376
2024-08-28,fb,summer_sale,13136.4,394378,9260,8160
2024-08-28,Google Ads,launch_2024,9451.48,211571,8301,5128
2024-08-28,fb,retargeting,982.3,139269,1201,730
2024-08-29,google ads,black_friday,18429.32,1050130,22738,8754
2024-08-29,GoogleAds,summer_sale,13061.36,541185,14133,9133
2024-08-29,newsletter,launch_2024,5412.72,178013,2832,1664
2024-08-29,GoogleAds,retargeting,3118.72,83939,3782,1623
2024-08-30,Facebook,black_friday,24250.88,674563,22687,11035
2024-08-30,Facebook Ads,summer_sale,9058.28,386709,4671,5605
2024-08-30,google ads,launch_2024,10197.08,306026,9724,5141
2024-08-30,facebook,retargeting,1627.5,64615,3109,1384
2024-08-31,G Ads,black_friday,17429.26,866184,23298,16593
2024-08-31,Facebook Ads,summer_sale,7751.62,206300,10223,7343
2024-08-31,email,launch_2024,5587.07,283425,5716,1930
2024-08-31,facebook,retargeting,1370.37,44850,1153,1776
2024-09-01,G Ads,black_friday,23399.36,599987,18792,7862
2024-09-01,FB Ads,summer_sale,13626.48,207481,6407,3478
2024-09-01,Email Marketing,launch_2024,7161.77,151667,4705,2496
2024-09-01,Facebook,retargeting,937.86,126083,2193,1341
2024-09-02,Facebook Ads,black_friday,18098.16,624592,8744,12619
2024-09-02,facebook,summer_sale,10543.44,410192,13661,8441
2024-09-02,facebook,launch_2024,10413.2,290059,5969,2057
2024-09-02,facebook,retargeting,1343.28,86680,2470,921
2024-09-03,FB Ads,black_friday,28957.42,794383,17227,16952
2024-09-03,Google Ads,summer_sale,14613.72,277108,8462,5914
2024-09-03,Meta Ads,launch_2024,8389.9,358233,5368,4839
2024-09-03,Facebook Ads,retargeting,2272.46,91194,2652,1123
2024-09-04,Meta Ads,black_friday,27168.07,791039,20762,11954
2024-09-04,google ads,summer_sale,13526.61,384271,10015,8262
2024-09-04,EMAIL,launch_2024,7164.94,182195,2299,4214
2024-09-04,Google-Ads,retargeting,2192.07,133095,1564,1218
2024-09-05,fb,black_friday,23320.04,615358,17738,16152
2024-09-05,google ads,summer_sale,15561.18,326869,12607,11066
2024-09-05,facebook,launch_2024,10277.07,298418,6459,3448
2024-09-05,newsletter,retargeting,1379.19,87266,990,739
2024-09-06,Google Ads,black_friday,25334.21,809647,29833,25653
2024-09-06,E-mail,summer_sale,5634.44,287146,4184,5659
2024-09-06,G Ads,launch_2024,8993.98,253979,5206,3815
2024-09-06,google_ads,retargeting,2875.25,69638,2007,1127
2024-09-07,G Ads,black_friday,16259.43,886175,25467,20140
2024-09-07,Meta Ads,summer_sale,9890.08,274292,10612,7433
2024-09-07,E-mail,launch_2024,8416.4,138066,3681,1899
2024-09-07,google_ads,retargeting,1940.16,81334,2355,793
2024-09-08,G Ads,black_friday,19984.1,682676,21207,14480
2024-09-08,google_ads,summer_sale,15385.8,396210,13441,9977
2024-09-08,Google Ads,launch_2024,12078.83,416425,6807,3604
2024-09-08,facebook,retargeting,1842.05,73770,2741,1144
2024-09-09,Meta Ads,black_friday,20657.04,962716,15359,11298
2024-09-09,facebook,summer_sale,10006.64,409058,6402,11090
2024-09-09,newsletter,launch_2024,5726.25,205258,4129,3588
2024-09-09,newsletter,retargeting,783.19,34394,1320,1215
2024-09-10,newsletter,black_friday,13512.22,460047,7111,9452
2024-09-10,Meta Ads,summer_sale,7316.14,190361,7989,8525
2024-09-10,EMAIL,launch_2024,7793.89,123228,4470,2554
2024-09-10,EMAIL,retargeting,791.1,69445,1173,1063
2024-09-11,fb,black_friday,16930.95,562413,11387,11015
2024-09-11,Google-Ads,summer_sale,11414.9,238202,8194,10206
2024-09-11,Facebook Ads,launch_2024,8910.44,296288,3787,4251
2024-09-11,Meta Ads,retargeting,1675.3,110458,1962,1295
2024-09-12,FB Ads,black_friday,18685.41,878709,12471,18505
2024-09-12,EMAIL,summer_sale,6110.57,181861,6238,6117
2024-09-12,FB Ads,launch_2024,7659.29,284336,3643,2138
2024-09-12,Google Ads,retargeting,2477.26,164645,3025,1660
2024-09-13,Email Marketing,black_friday,9856.05,427622,8620,9857
2024-09-13,email,summer_sale,5618.08,103150,2733,4477
2024-09-13,Google Ads,launch_2024,9193.45,278321,4015,3624
2024-09-13,google_ads,retargeting,3135.09,72508,1395,2552
2024-09-14,Facebook,black_friday,16744.93,749211,12394,15914
2024-09-14,GoogleAds,summer_sale,18344.53,268300,7144,8495
2024-09-14,Email Marketing,launch_2024,5743.83,172143,3981,2152
2024-09-14,GoogleAds,retargeting,1668.04,76945,2887,3030
2024-09-15,fb,black_friday,25293.22,669804,19712,14729
2024-09-15,fb,summer_sale,7768.59,338923,8563,3390
2024-09-15,Google-Ads,launch_2024,10763.4,278339,7049,2869
2024-09-15,google_ads,retargeting,2888.38,96403,1622,2940
2024-09-16,G Ads,black_friday,18756.31,728928,26482,20027
2024-09-16,FB Ads,summer_sale,12415.99,408089,6036,4667
2024-09-16,Meta Ads,launch_2024,10183.75,259672,5238,4979
2024-09-16,facebook,retargeting,1601.75,117217,1346,1793
2024-09-17,email,black_friday,12199.19,425032,14887,5122
2024-09-17,Email Marketing,summer_sale,4574.13,129318,2805,4121
2024-09-17,Google-Ads,launch_2024,9330.21,242097,9701,6711
2024-09-17,Meta Ads,retargeting,983.96,152417,1174,1719
2024-09-18,Google Ads,black_friday,24983.33,1114925,23744,22164
2024-09-18,Facebook Ads,summer_sale,15365.87,517068,6373,11292
2024-09-18,E-mail,launch_2024,5907.21,120638,1595,2595
2024-09-18,Facebook,retargeting,2044.36,61593,974,1497
2024-09-19,facebook,black_friday,17003.17,503905,19119,18379
2024-09-19,fb,summer_sale,13343.43,492229,5665,9467
2024-09-19,newsletter,launch_2024,8811.44,195913,5616,2862
2024-09-19,Facebook,retargeting,1673.75,41118,2147,1813
2024-09-20,EMAIL,black_friday,15888.2,521214,10638,11316
2024-09-20,G Ads,summer_sale,13386.89,409605,11728,9077
2024-09-20,newsletter,launch_2024,5463.44,128216,3174,1767
2024-09-20,facebook,retargeting,1167.28,89895,1783,1932
2024-09-21,facebook,black_friday,24553.98,697846,13319,18114
2024-09-21,email,summer_sale,4035.56,128431,3738,4354
2024-09-21,FB Ads,launch_2024,6589.23,176368,5698,2200
2024-09-21,Facebook Ads,retargeting,2419.07,129716,2659,1309
2024-09-22,facebook,black_friday,15900.86,592066,12868,6785
2024-09-22,email,summer_sale,7668.11,326190,3367,5780
2024-09-22,newsletter,launch_2024,4833.37,234983,3624,1680
2024-09-22,FB Ads,retargeting,1675.99,68733,1495,2530
2024-09-23,fb,black_friday,18113.88,680158,14468,16156
2024-09-23,Facebook,summer_sale,10017.65,528825,13278,8986
2024-09-23,facebook,launch_2024,11312.86,244670,3333,6364
2024-09-23,Facebook Ads,retargeting,1881.85,81531,3221,1783
2024-09-24,Facebook Ads,black_friday,19291.54,770847,23529,15856
2024-09-24,Meta Ads,summer_sale,7362.59,238903,6780,3416
2024-09-24,Google-Ads,launch_2024,11441.4,309042,5882,6085
2024-09-24,Facebook Ads,retargeting,1567.39,63438,3002,1715
2024-09-25,Facebook,black_friday,23420.31,961295,24742,20166
2024-09-25,Facebook,summer_sale,13076.85,453948,12602,10020
2024-09-25,G Ads,launch_2024,10470.51,214067,4863,5468
2024-09-25,Google Ads,retargeting,1208.88,62178,1258,1699
2024-09-26,EMAIL,black_friday,15081.38,443646,6950,5832
2024-09-26,G Ads,summer_sale,16858.06,426686,8248,12399
2024-09-26,FB Ads,launch_2024,9049.1,208301,5518,5146
2024-09-26,Facebook Ads,retargeting,1495.91,72873,1352,1134
2024-09-27,GoogleAds,black_friday,20132.4,825237,18479,18250
2024-09-27,google_ads,summer_sale,13286.15,481693,10780,4923
2024-09-27,fb,launch_2024,10312.71,201968,5209,3606
2024-09-27,Google Ads,retargeting,2573.5,131499,1737,1177
2024-09-28,Facebook Ads,black_friday,24036.31,747011,15097,13153
2024-09-28,facebook,summer_sale,10358.9,256562,9252,7619
2024-09-28,E-mail,launch_2024,4186.4,105179,2177,3006
2024-09-28,facebook,retargeting,1859.81,87341,2134,1847
2024-09-29,G Ads,black_friday,16784.26,723462,22567,8659
2024-09-29,FB Ads,summer_sale,14899.56,358788,10498,6826
2024-09-29,Google Ads,launch_2024,13733.51,478135,4983,5555
2024-09-29,Facebook Ads,retargeting,1806.13,168862,1615,2028
2024-09-30,GoogleAds,black_friday,23858.62,1074029,26175,15407
2024-09-30,newsletter,summer_sale,4653.57,176158,4957,4216
2024-09-30,FB Ads,launch_2024,12143.93,199689,5856,6476
2024-09-30,fb,retargeting,1056.54,69545,1823,802
2024-10-01,google ads,black_friday,18320.89,949832,15723,17960
2024-10-01,EMAIL,summer_sale,7902.97,362759,5806,6791
2024-10-01,Google Ads,launch_2024,13881.49,420806,4497,3608
2024-10-01,facebook,retargeting,1539.71,120391,1069,731
2024-10-02,google ads,black_friday,17595.46,598614,20938,18399
2024-10-02,Google Ads,summer_sale,13184.84,311860,7528,4941
2024-10-02,fb,launch_2024,8474.07,245724,8243,3601
2024-10-02,Meta Ads,retargeting,1204.61,72640,1089,1443
2024-10-03,Facebook Ads,black_friday,18645.12,609331,21519,10313
2024-10-03,Meta Ads,summer_sale,10679.36,471983,11199,9149
2024-10-03,Google-Ads,launch_2024,13514.2,254603,4538,6371
2024-10-03,Meta Ads,retargeting,1999.35,99770,1673,2242
2024-10-04,FB Ads,black_friday,23988.35,804716,18428,16520
2024-10-04,Meta Ads,summer_sale,10281.28,311355,6491,4459
2024-10-04,Google-Ads,launch_2024,12439.71,265378,8608,4252
2024-10-04,Facebook,retargeting,2057.86,116890,2262,2096
2024-10-05,FB Ads,black_friday,19170.34,807960,15141,12809
2024-10-05,google_ads,summer_sale,13606.38,472917,10861,9693
2024-10-05,Meta Ads,launch_2024,8941.26,353381,4754,2316
2024-10-05,Meta Ads,retargeting,1857.28,126172,1821,757
2024-10-06,Meta Ads,black_friday,15332.85,425359,10429,14977
2024-10-06,Google-Ads,summer_sale,10233.65,574748,7116,10242
2024-10-06,email,launch_2024,5565.34,106194,3859,2774
2024-10-06,Google-Ads,retargeting,3245.26,151927,3515,2328
2024-10-07,google ads,black_friday,17378.47,790707,15960,21574
2024-10-07,Meta Ads,summer_sale,9360.62,397654,8882,4889
2024-10-07,Facebook,launch_2024,5879.37,227643,5534,1970
2024-10-07,GoogleAds,retargeting,2087.66,153354,3817,2914
2024-10-08,facebook,black_friday,25654.37,1037268,23223,10873
2024-10-08,google ads,summer_sale,15808.46,496869,13225,7365
2024-10-08,Email Marketing,launch_2024,5371.11,189161,3105,2847
2024-10-08,Google Ads,retargeting,2027.53,129739,3306,1344
2024-10-09,G Ads,black_friday,21156.59,844265,18980,8759
2024-10-09,FB Ads,summer_sale,8206.0,221196,4862,6413
2024-10-09,facebook,launch_2024,10476.97,193424,5295,3105
2024-10-09,FB Ads,retargeting,1094.49,87142,1568,2167
2024-10-10,google_ads,black_friday,16288.68,659881,10708,9048
2024-10-10,E-mail,summer_sale,5002.57,301798,3465,3675
2024-10-10,Google Ads,launch_2024,11272.28,325711,7418,2173
2024-10-10,Facebook,retargeting,1140.58,122960,1441,1007
2024-10-11,facebook,black_friday,16626.97,808820,13337,16531
2024-10-11,Facebook Ads,summer_sale,11362.17,264184,5764,8297
2024-10-11,Google Ads,launch_2024,9904.94,453100,4926,7486
2024-10-11,Google-Ads,retargeting,1093.1,107403,1508,1064
2024-10-12,google ads,black_friday,18953.55,1109116,15948,22531
2024-10-12,google ads,summer_sale,16752.42,307600,7662,6081
2024-10-12,Facebook,launch_2024,6497.9,329385,3620,1785
2024-10-12,G Ads,retargeting,3123.36,103259,2418,2735
2024-10-13,Google Ads,black_friday,19031.83,696255,15286,12059
2024-10-13,GoogleAds,summer_sale,11466.88,486789,8961,11368
2024-10-13,google_ads,launch_2024,15217.89,263668,5479,3738
2024-10-13,Email Marketing,retargeting,539.44,33108,1307,568
2024-10-14,google_ads,black_friday,25662.47,1050294,28690,16944
2024-10-14,fb,summer_sale,12110.21,427230,10335,8273
2024-10-14,E-mail,launch_2024,6818.25,189294,3930,1410
2024-10-14,facebook,retargeting,951.63,94044,2486,755
2024-10-15,facebook,black_friday,24379.7,518526,21611,12463
2024-10-15,facebook,summer_sale,8570.38,238576,6081,6838
2024-10-15,E-mail,launch_2024,5040.43,90844,2524,1461
2024-10-15,Facebook Ads,retargeting,2044.91,77779,1317,1798
2024-10-16,G Ads,black_friday,31154.95,888787,30418,15571
2024-10-16,google_ads,summer_sale,10592.48,365348,8163,4747
2024-10-16,google_ads,launch_2024,11757.99,448711,3898,6646
2024-10-16,EMAIL,retargeting,1054.96,60539,1775,1104
2024-10-17,Meta Ads,black_friday,19632.01,930818,21709,12372
2024-10-17,FB Ads,summer_sale,6790.48,264091,7553,7591
2024-10-17,google_ads,launch_2024,13510.29,366908,3913,3590
2024-10-17,google ads,retargeting,2909.76,112048,2479,1436
2024-10-18,newsletter,black_friday,13321.22,539373,12156,12271
2024-10-18,FB Ads,summer_sale,11271.74,542321,9969,9748
2024-10-18,EMAIL,launch_2024,8297.64,239440,5214,1873
2024-10-18,Meta Ads,retargeting,890.59,86446,2012,2223
2024-10-19,fb,black_friday,22257.94,734681,9766,7494
2024-10-19,FB Ads,summer_sale,9506.41,472072,8229,10871
2024-10-19,newsletter,launch_2024,8288.8,185487,3740,3372
2024-10-19,Facebook Ads,retargeting,2759.25,114095,3378,1708
2024-10-20,Meta Ads,black_friday,22249.32,918241,24653,17471
2024-10-20,Facebook Ads,summer_sale,11232.9,202150,5191,6395
2024-10-20,google_ads,launch_2024,13492.12,351016,5349,4116
2024-10-20,fb,retargeting,2144.55,86419,2901,2371
2024-10-21,google ads,black_friday,24678.26,1079190,13696,13214
2024-10-21,Facebook,summer_sale,12583.5,514846,5899,4373
2024-10-21,FB Ads,launch_2024,6704.93,328698,3896,4905
2024-10-21,fb,retargeting,1656.71,131799,2551,2280
2024-10-22,Google Ads,black_friday,24568.69,1044063,13006,10799
2024-10-22,newsletter,summer_sale,6702.15,159367,6545,6714
2024-10-22,facebook,launch_2024,14076.51,241335,6186,6019
2024-10-22,FB Ads,retargeting,1685.68,55913,1471,1363
2024-10-23,facebook,black_friday,21315.35,814528,10758,6335
2024-10-23,fb,summer_sale,10906.54,433360,13262,9291
2024-10-23,GoogleAds,launch_2024,14281.91,335355,9329,5400
2024-10-23,facebook,retargeting,1009.7,97056,1324,2059
2024-10-24,Google Ads,black_friday,21752.65,716238,16031,13016
2024-10-24,facebook,summer_sale,13835.8,389344,11634,4468
2024-10-24,newsletter,launch_2024,5316.06,117827,4151,3497
2024-10-24,fb,retargeting,1555.26,120902,2655,875
2024-10-25,FB Ads,black_friday,17638.67,642045,16119,13713
2024-10-25,fb,summer_sale,8608.64,422139,6514,8597
2024-10-25,Google-Ads,launch_2024,11026.76,360432,6559,6276
2024-10-25,fb,retargeting,1379.33,132188,2735,1383
2024-10-26,Facebook Ads,black_friday,18134.84,632076,17316,12255
2024-10-26,Google-Ads,summer_sale,13827.13,502145,12310,3690
2024-10-26,Google-Ads,launch_2024,13053.31,469923,8639,3001
2024-10-26,facebook,retargeting,708.2,51294,2154,932
2024-10-27,Google Ads,black_friday,31380.56,712355,30693,10598
2024-10-27,GoogleAds,summer_sale,13510.94,229526,9051,8195
2024-10-27,EMAIL,launch_2024,5316.28,175263,2019,1671
2024-10-27,facebook,retargeting,2417.54,67827,2609,1682
2024-10-28,Facebook,black_friday,15099.83,615499,22207,16319
2024-10-28,Facebook,summer_sale,11894.93,255446,5086,6583
2024-10-28,GoogleAds,launch_2024,13610.95,202605,5346,4847
2024-10-28,newsletter,retargeting,1145.81,34416,1318,396
2024-10-29,google ads,black_friday,24999.76,666504,12586,14165
2024-10-29,Facebook,summer_sale,7661.12,279751,5144,5622
2024-10-29,EMAIL,launch_2024,5494.55,177532,1734,2764
2024-10-29,Email Marketing,retargeting,1611.23,67939,1366,663
2024-10-30,Google-Ads,black_friday,31932.5,712827,24570,24407
2024-10-30,google ads,summer_sale,13220.0,549932,8914,11340
2024-10-30,Email Marketing,launch_2024,5284.29,115523,4308,1583
2024-10-30,Google-Ads,retargeting,1337.39,128993,1698,2300
2024-10-31,Google Ads,black_friday,27221.97,724437,22327,14139
2024-10-31,GoogleAds,summer_sale,14460.77,258305,11174,7769
2024-10-31,newsletter,launch_2024,4261.2,91297,1903,1218
2024-10-31,Meta Ads,retargeting,1525.37,79035,1687,777
2024-11-01,google ads,black_friday,24218.54,998778,26985,21370
2024-11-01,Facebook Ads,summer_sale,12128.15,472992,8165,7887
2024-11-01,Email Marketing,launch_2024,4823.73,114229,3897,1176
2024-11-01,Google Ads,retargeting,1327.48,92725,2052,1331
2024-11-02,Google Ads,black_friday,27071.03,1181304,26067,24227
2024-11-02,email,summer_sale,6333.71,165412,3353,2883
2024-11-02,newsletter,launch_2024,7212.69,243669,4041,1298
2024-11-02,Meta Ads,retargeting,1985.82,113901,1411,901
2024-11-03,EMAIL,black_friday,12956.27,701931,16074,7321
2024-11-03,Google-Ads,summer_sale,15429.25,303444,6001,7838
2024-11-03,G Ads,launch_2024,11173.96,364074,9465,5101
2024-11-03,Google-Ads,retargeting,1601.15,108820,1716,1154
2024-11-04,Facebook,black_friday,29027.99,876872,28708,13612
2024-11-04,FB Ads,summer_sale,13663.94,256916,8321,9074
2024-11-04,E-mail,launch_2024,8036.25,248746,3469,1679
2024-11-04,fb,retargeting,1424.17,67385,2287,2698
2024-11-05,google ads,black_friday,25298.41,754383,21098,11297
2024-11-05,newsletter,summer_sale,5459.49,267674,4130,5294
2024-11-05,E-mail,launch_2024,5950.19,173377,3834,3322
2024-11-05,Facebook Ads,retargeting,964.6,136312,2932,1068
2024-11-06,Facebook,black_friday,19123.61,673558,20337,21193
2024-11-06,newsletter,summer_sale,8807.1,159991,4439,5389
2024-11-06,Email Marketing,launch_2024,4670.53,110224,3079,2429
2024-11-06,newsletter,retargeting,838.31,33267,1138,886
2024-11-07,FB Ads,black_friday,22339.22,1116188,17747,9561
2024-11-07,fb,summer_sale,8862.42,414782,10943,7696
2024-11-07,GoogleAds,launch_2024,12057.2,350303,6590,5376
2024-11-07,Google Ads,retargeting,2602.78,199683,2688,1750
2024-11-08,Google-Ads,black_friday,18463.53,962346,13712,15210
2024-11-08,google ads,summer_sale,11248.89,493792,14108,11386
2024-11-08,E-mail,launch_2024,5640.01,139347,1955,1931
2024-11-08,Facebook Ads,retargeting,1764.15,144116,1388,1618
2024-11-09,google ads,black_friday,28131.99,1035268,18821,10295
2024-11-09,Meta Ads,summer_sale,12119.45,209720,7452,8070
2024-11-09,newsletter,launch_2024,5889.63,129146,1796,1052
2024-11-09,Meta Ads,retargeting,898.53,129384,1120,1066
2024-11-10,Google-Ads,black_friday,24315.12,1018793,21404,13467
2024-11-10,google ads,summer_sale,11163.11,506253,12070,6005
2024-11-10,Meta Ads,launch_2024,13025.01,323255,4568,3834
2024-11-10,google ads,retargeting,2286.98,75629,3709,3138
2024-11-11,Facebook,black_friday,19630.81,482772,16042,11155
2024-11-11,EMAIL,summer_sale,6986.01,268182,5446,4308
2024-11-11,E-mail,launch_2024,4181.38,91554,4057,2701
2024-11-11,Meta Ads,retargeting,1241.45,97457,1261,2085
2024-11-12,Facebook,black_friday,21084.29,709129,24464,14859
2024-11-12,google ads,summer_sale,13998.36,532988,7705,8123
2024-11-12,Google Ads,launch_2024,10666.15,282604,6250,4356
2024-11-12,Facebook,retargeting,1137.25,62791,2287,1896
2024-11-13,Google Ads,black_friday,19769.64,899949,13167,12165
2024-11-13,google ads,summer_sale,11371.87,601916,9221,10077
2024-11-13,G Ads,launch_2024,9825.32,309643,5999,2605
2024-11-13,Email Marketing,retargeting,1220.6,27567,1330,978
2024-11-14,GoogleAds,black_friday,20403.44,915222,13936,13365
2024-11-14,FB Ads,summer_sale,10377.05,482773,6248,4575
2024-11-14,Google-Ads,launch_2024,10316.5,311845,7104,3742
2024-11-14,facebook,retargeting,1912.31,68125,2421,1859
2024-11-15,Email Marketing,black_friday,10071.44,335716,13855,6955
2024-11-15,google ads,summer_sale,9740.16,524358,10733,6965
2024-11-15,newsletter,launch_2024,5617.93,156226,2698,2565
2024-11-15,EMAIL,retargeting,792.16,49021,1048,1468
2024-11-16,Facebook Ads,black_friday,16072.07,683650,15961,9577
2024-11-16,Facebook Ads,summer_sale,12009.33,521646,8216,5418
2024-11-16,Google-Ads,launch_2024,8943.85,388389,6148,4806
2024-11-16,FB Ads,retargeting,1305.31,95552,2545,1115
2024-11-17,Meta Ads,black_friday,15803.15,757167,20196,11109
2024-11-17,fb,summer_sale,12303.02,536932,9164,5108
2024-11-17,Email Marketing,launch_2024,5609.92,127630,4094,2748
2024-11-17,G Ads,retargeting,2718.8,124569,1997,1130
2024-11-18,G Ads,black_friday,22040.37,1294196,33083,13508
2024-11-18,google_ads,summer_sale,13551.79,383806,6478,5953
2024-11-18,facebook,launch_2024,12106.86,158035,6146,5057
2024-11-18,Meta Ads,retargeting,2202.23,146838,2916,1296
2024-11-19,FB Ads,black_friday,22898.2,789676,24424,14899
2024-11-19,google_ads,summer_sale,10746.23,539121,6067,10158
2024-11-19,Facebook,launch_2024,10931.51,430775,4603,4251
2024-11-19,fb,retargeting,2238.3,136021,2345,1485
2024-11-20,Google Ads,black_friday,26111.85,971614,13501,21567
2024-11-20,G Ads,summer_sale,16271.35,407083,11105,8774
2024-11-20,google_ads,launch_2024,13039.54,496227,9692,6301
2024-11-20,G Ads,retargeting,2614.94,122186,1793,2033
2024-11-21,G Ads,black_friday,19968.77,733996,17587,8262
2024-11-21,email,summer_sale,8893.04,155754,5771,4589
2024-11-21,EMAIL,launch_2024,4507.27,98266,4506,2726
2024-11-21,newsletter,retargeting,579.84,55033,795,434
2024-11-22,Facebook Ads,black_friday,15414.58,512368,19584,8125
2024-11-22,G Ads,summer_sale,14364.56,357543,10533,8994
2024-11-22,fb,launch_2024,6690.71,324449,3728,3428
2024-11-22,FB Ads,retargeting,1272.26,113968,2180,951
2024-11-23,G Ads,black_friday,28275.54,1151370,22859,12351
2024-11-23,GoogleAds,summer_sale,15484.52,395104,10656,8261
2024-11-23,E-mail,launch_2024,5264.28,189288,2996,1534
2024-11-23,facebook,retargeting,786.69,67847,2488,1692
2024-11-24,Google-Ads,black_friday,31370.19,1028498,30000,14001
2024-11-24,GoogleAds,summer_sale,12560.12,400681,13744,5916
2024-11-24,newsletter,launch_2024,4726.64,193342,3998,1381
2024-11-24,fb,retargeting,1860.66,87125,1090,1380
2024-11-25,facebook,black_friday,25496.51,882957,16662,10786
2024-11-25,G Ads,summer_sale,18202.63,451976,9357,6898
2024-11-25,Google-Ads,launch_2024,12851.81,466153,6260,6967
2024-11-25,fb,retargeting,1678.91,114569,1561,1598
2024-11-26,Facebook Ads,black_friday,16385.85,606631,12818,12738
2024-11-26,Google-Ads,summer_sale,9871.2,266307,8432,7227
2024-11-26,G Ads,launch_2024,12631.9,254536,9796,6551
2024-11-26,fb,retargeting,2303.11,162529,1196,1463
2024-11-27,G Ads,black_friday,18659.35,1002313,13071,22487
2024-11-27,Facebook,summer_sale,10118.61,422562,8590,10649
2024-11-27,fb,launch_2024,9822.66,228488,5854,5170
2024-11-27,FB Ads,retargeting,956.26,63490,2069,1191
2024-11-28,Facebook,black_friday,20110.34,704885,16562,17750
2024-11-28,facebook,summer_sale,11394.7,444574,9004,5964
2024-11-28,fb,launch_2024,6582.96,162042,2716,4872
2024-11-28,Facebook,retargeting,1248.69,152242,1293,2342
2024-11-29,facebook,black_friday,17527.28,933776,15418,13216
2024-11-29,FB Ads,summer_sale,12064.81,287662,6975,8060
2024-11-29,Facebook Ads,launch_2024,10810.8,287676,4514,6642
2024-11-29,Facebook,retargeting,2386.19,85651,2671,1666
2024-11-30,E-mail,black_friday,12641.19,570588,14544,13464
2024-11-30,Meta Ads,summer_sale,7951.7,184215,8495,6862
2024-11-30,email,launch_2024,5173.83,116936,3075,2815
2024-11-30,google ads,retargeting,2762.54,126115,1411,1876
2024-12-01,Meta Ads,black_friday,21125.82,975669,15712,10194
2024-12-01,G Ads,summer_sale,9257.12,380866,10198,4038
2024-12-01,newsletter,launch_2024,7494.5,242238,4977,2513
2024-12-01,facebook,retargeting,1604.11,50978,1673,1994
2024-12-02,Meta Ads,black_friday,17824.2,1128414,13460,8026
2024-12-02,Facebook Ads,summer_sale,9695.78,393470,9736,3432
2024-12-02,EMAIL,launch_2024,4393.86,98102,3448,3311
2024-12-02,FB Ads,retargeting,2018.13,164971,2979,2634
2024-12-03,email,black_friday,9472.1,356408,12799,7695
2024-12-03,google ads,summer_sale,12611.01,426562,10080,9401
2024-12-03,facebook,launch_2024,10812.96,212520,7456,3465
2024-12-03,Facebook,retargeting,1269.34,102459,2682,1201
2024-12-04,Facebook,black_friday,17339.75,534815,18124,14237
2024-12-04,Google-Ads,summer_sale,10112.42,409937,10482,7651
2024-12-04,Facebook,launch_2024,9226.96,170781,4679,2809
2024-12-04,Google-Ads,retargeting,2180.83,60171,1825,2765
2024-12-05,newsletter,black_friday,9435.71,330266,8748,3364
2024-12-05,Facebook Ads,summer_sale,10495.4,540162,10278,5217
2024-12-05,email,launch_2024,7290.76,169339,4824,2797
2024-12-05,newsletter,retargeting,539.94,36532,939,1374
2024-12-06,Google Ads,black_friday,21274.32,788544,27092,12769
2024-12-06,Facebook,summer_sale,10371.83,291995,4909,4826
2024-12-06,email,launch_2024,4729.12,171111,3216,2332
2024-12-06,Google Ads,retargeting,1707.16,152353,1655,1789
2024-12-07,Meta Ads,black_friday,13319.03,749632,19815,12824
2024-12-07,Google-Ads,summer_sale,11266.62,292386,12979,5824
2024-12-07,fb,launch_2024,12167.93,161999,4808,2558
2024-12-07,Google-Ads,retargeting,2335.83,139213,3008,851
2024-12-08,google_ads,black_friday,25110.63,1321162,23897,16786
2024-12-08,facebook,summer_sale,12861.89,268799,9330,8460
2024-12-08,google_ads,launch_2024,11520.31,368364,4567,4604
2024-12-08,E-mail,retargeting,1148.24,47949,917,1666
2024-12-09,GoogleAds,black_friday,23963.97,863209,25481,12954
2024-12-09,Meta Ads,summer_sale,14291.58,247383,12326,8622
2024-12-09,google ads,launch_2024,13560.83,306502,10846,3517
2024-12-09,Facebook Ads,retargeting,1558.9,71235,1360,1998
2024-12-10,google_ads,black_friday,17323.04,760077,24360,13151
2024-12-10,Meta Ads,summer_sale,12755.87,219218,7510,4804
2024-12-10,newsletter,launch_2024,6757.05,173584,3814,3314
2024-12-10,Meta Ads,retargeting,2378.41,62873,1555,1704
2024-12-11,GoogleAds,black_friday,20176.96,833911,23887,16173
2024-12-11,Google Ads,summer_sale,9181.88,502129,8058,6128
2024-12-11,google ads,launch_2024,9449.11,356404,8233,7681
2024-12-11,fb,retargeting,2047.44,97238,1988,2288
2024-12-12,Google-Ads,black_friday,16929.75,698014,17435,8540
2024-12-12,Facebook Ads,summer_sale,10269.68,285937,6085,8773
2024-12-12,email,launch_2024,4676.23,119285,3399,1703
2024-12-12,FB Ads,retargeting,2321.85,95135,2137,1750
2024-12-13,Meta Ads,black_friday,17682.56,515156,16160,13984
2024-12-13,Facebook Ads,summer_sale,9421.92,451310,10360,6141
2024-12-13,EMAIL,launch_2024,3636.12,76673,2623,2395
2024-12-13,FB Ads,retargeting,2248.26,111732,1222,2167
2024-12-14,FB Ads,black_friday,15087.32,729122,11400,9481
2024-12-14,FB Ads,summer_sale,10584.1,485662,7574,6940
2024-12-14,EMAIL,launch_2024,7813.79,203891,5826,4101
2024-12-14,Facebook Ads,retargeting,1929.52,128496,2734,1466
2024-12-15,Google Ads,black_friday,19672.01,803564,11733,13492
2024-12-15,google_ads,summer_sale,13460.76,520034,6262,10884
2024-12-15,Email Marketing,launch_2024,6427.9,123146,4320,1890
2024-12-15,Facebook Ads,retargeting,2280.29,116859,2558,2435
2024-12-16,facebook,black_friday,19188.27,925208,11759,22174
2024-12-16,Facebook Ads,summer_sale,11056.3,463443,5653,5282
2024-12-16,G Ads,launch_2024,11525.02,333865,3738,3493
2024-12-16,EMAIL,retargeting,1186.7,37254,1831,918
2024-12-17,GoogleAds,black_friday,19759.51,961862,23198,10297
2024-12-17,Google Ads,summer_sale,12484.69,476107,11209,11601
2024-12-17,Email Marketing,launch_2024,4988.43,213212,1913,1441
2024-12-17,facebook,retargeting,2313.79,131319,1297,2087
2024-12-18,Meta Ads,black_friday,14505.76,597398,12348,8252
2024-12-18,FB Ads,summer_sale,11957.77,293005,8512,11421
2024-12-18,google_ads,launch_2024,11865.59,262521,5007,3379
2024-12-18,fb,retargeting,842.04,83863,2078,1831
2024-12-19,Google Ads,black_friday,25563.67,1052967,29033,20436
2024-12-19,Google Ads,summer_sale,17270.85,306751,13346,9753
2024-12-19,EMAIL,launch_2024,7911.94,268554,3042,2704
2024-12-19,google_ads,retargeting,2429.53,95551,2209,1213
2024-12-20,google ads,black_friday,23209.97,592585,16127,19242
2024-12-20,email,summer_sale,5349.81,231548,5793,1855
2024-12-20,Facebook,launch_2024,9271.35,271894,4168,3996
2024-12-20,FB Ads,retargeting,796.27,55469,1742,1826
2024-12-21,google_ads,black_friday,18544.3,900766,20322,16073
2024-12-21,Facebook Ads,summer_sale,12986.44,298152,9468,5407
2024-12-21,Email Marketing,launch_2024,5276.64,163841,2724,2544
2024-12-21,Google-Ads,retargeting,1756.18,90137,1655,2110
2024-12-22,Facebook,black_friday,12533.52,660226,8536,6272
2024-12-22,Google-Ads,summer_sale,15608.54,567469,14976,5991
2024-12-22,G Ads,launch_2024,14337.4,286030,10321,4206
2024-12-22,Meta Ads,retargeting,1911.91,56542,997,705
2024-12-23,facebook,black_friday,14829.94,883759,23652,7995
2024-12-23,facebook,summer_sale,11058.18,278271,8113,4234
2024-12-23,GoogleAds,launch_2024,9831.44,419490,6738,2516
2024-12-23,google ads,retargeting,2525.29,111577,1938,2533
2024-12-24,google_ads,black_friday,21780.67,943264,18001,14552
2024-12-24,google ads,summer_sale,12104.99,400910,9679,9004
2024-12-24,Facebook,launch_2024,9124.23,312871,3475,1934
2024-12-24,Meta Ads,retargeting,1922.47,125720,2433,1494
2024-12-25,Google-Ads,black_friday,22016.89,606630,28400,23250
2024-12-25,facebook,summer_sale,7518.77,271726,4484,4934
2024-12-25,Google Ads,launch_2024,13236.49,279266,7403,2531
2024-12-25,Meta Ads,retargeting,1730.62,147459,2847,1479
2024-12-26,google ads,black_friday,25963.06,869751,21422,14836
2024-12-26,GoogleAds,summer_sale,14141.54,653098,7475,5268
2024-12-26,FB Ads,launch_2024,11270.22,305884,7856,2086
2024-12-26,fb,retargeting,2470.69,87457,1267,2040
2024-12-27,Google-Ads,black_friday,26125.59,1023455,22220,17725
2024-12-27,Meta Ads,summer_sale,8126.67,287090,6682,5860
2024-12-27,email,launch_2024,3817.23,185652,2451,1981
2024-12-27,Google-Ads,retargeting,1595.35,145741,1708,896
2024-12-28,GoogleAds,black_friday,17326.5,1016144,17923,17267
2024-12-28,google ads,summer_sale,10408.4,355537,9253,5624
2024-12-28,Email Marketing,launch_2024,5839.57,141561,1660,1165
2024-12-28,Google Ads,retargeting,3184.3,189278,1668,2079
2024-12-29,google ads,black_friday,32441.99,980882,16949,24847
2024-12-29,Google Ads,summer_sale,14544.15,373508,13016,6579
2024-12-29,EMAIL,launch_2024,5362.07,181941,3677,2147
2024-12-29,Facebook,retargeting,1777.11,49788,1899,971
2024-12-30,Google-Ads,black_friday,25087.1,989676,13031,18086
2024-12-30,google ads,summer_sale,8740.78,223132,5609,5099
2024-12-30,email,launch_2024,6584.14,206242,3849,2334
2024-12-30,google ads,retargeting,2273.93,78955,2581,1231
2024-12-31,Google Ads,black_friday,23492.28,938348,10599,17630
2024-12-31,Email Marketing,summer_sale,7038.37,171089,3642,5061
2024-12-31,Google Ads,launch_2024,14154.17,395024,6770,2712
2024-12-31,facebook,retargeting,1631.55,101583,2458,1819
2025-01-01,facebook,black_friday,15047.09,636164,16932,15508
2025-01-01,Facebook,summer_sale,13828.57,456270,11795,7317
2025-01-01,EMAIL,launch_2024,5404.94,236782,3557,2310
2025-01-01,fb,retargeting,1477.35,79770,2075,1458
